district_id,district,region,urban_rural_class,lat,lon,total_pop,poverty_incidence,poverty_intensity,illiteracy_rate,literacy_rate,uninsured_rate,non_employment_share,dependency_ratio,admin_urban_class,geojson_district,gap_merged_for_map,improved_water_pct_rgnbc,surface_water_pct_rgnbc,water_over30min_pct_rgnbc,improved_sanitation_pct_rgnbc,open_defecation_pct_rgnbc,female_literacy_pct_rgnbc,male_literacy_pct_rgnbc,area_km2,pop_density,density_approx_flag,urbanicity_z,san_deficit,water_deficit,nwpri_equal,nwpri_pca,nwpri_pc1_var,genuine_dep_pca,oncho_highrisk,trachoma_hist_endemic,ntd_pov_belt,ntd_anchor_resolution,ntd_anchor_confidence,buruli_focus
1,Asunafo North Municipal,AHAFO,Municipal,6.81509969999999,-2.67736640122449,151258,26.1,42.0,26.32,73.68,14.24,46.82,65.43,1,ASUNAFO NORTH MUNICIPAL,0,81.6,11.6,8.6,49.8,11.8,48.3,70.1,1441.0388196231102,105.0,0,-0.447,50.2,18.40000000000001,-0.154,0.117,0.605,-0.394,1,0,1,region-broadcast,moderate (literature-ecological),0
2,Asunafo South,AHAFO,District,6.56280465,-2.53279356335542,91693,26.2,42.7,28.89,71.11,47.5,43.51,69.05,0,ASUNAFO SOUTH,0,81.6,11.6,8.6,49.8,11.8,48.3,70.1,941.86053931955,97.4,0,-0.494,50.2,18.40000000000001,0.339,0.122,0.605,0.198,1,0,1,region-broadcast,moderate (literature-ecological),0
3,Asutifi North,AHAFO,District,7.07651835,-2.52531850396715,73556,26.6,43.1,25.55,74.45,17.3,48.59,64.62,0,ASUTIFI NORTH,0,81.6,11.6,8.6,49.8,11.8,48.3,70.1,956.709585682037,76.9,0,-0.641,50.2,18.40000000000001,-0.102,0.128,0.605,-0.354,1,0,1,region-broadcast,moderate (literature-ecological),0
4,Asutifi South,AHAFO,District,6.84924284999999,-2.46125343688365,67334,23.2,42.4,29.26,70.74,21.67,49.12,68.79,0,ASUTIFI SOUTH,0,81.6,11.6,8.6,49.8,11.8,48.3,70.1,609.745147202957,110.4,0,-0.415,50.2,18.40000000000001,-0.087,0.058,0.605,-0.292,1,0,1,region-broadcast,moderate (literature-ecological),0
5,Tano North Municipal,AHAFO,Municipal,7.19329065,-2.2080833699397,93838,21.6,42.3,23.45,76.55,14.1,48.5,65.99,1,TANO NORTH MUNICIPAL,0,81.6,11.6,8.6,49.8,11.8,48.3,70.1,856.321297066635,109.6,0,-0.42,50.2,18.40000000000001,-0.223,0.025,0.605,-0.653,1,0,1,region-broadcast,moderate (literature-ecological),0
6,Tano South Municipal,AHAFO,Municipal,7.16093674999999,-1.99681708617696,86989,23.7,42.6,27.91,72.09,20.45,47.42,69.9,1,TANO SOUTH MUNICIPAL,0,81.6,11.6,8.6,49.8,11.8,48.3,70.1,500.131375722946,173.9,0,-0.131,50.2,18.40000000000001,-0.098,0.069,0.605,-0.336,1,0,1,region-broadcast,moderate (literature-ecological),0
7,Adansi Asokwa,ASHANTI,District,6.2467263,-1.50841,71844,32.4,43.3,28.26,71.74,50.15,48.11,71.06,0,ADANSI ASOKWA,0,96.7,1.4,2.6,81.4,9.3,61.5,76.8,607.016648618858,118.4,0,-0.371,18.599999999999994,3.299999999999997,-0.102,-0.564,0.605,0.443,0,0,0,region-broadcast,moderate (literature-ecological),0
8,Adansi North,ASHANTI,District,6.3006124,-1.5897139446089,54155,19.7,42.8,18.16,81.84,27.63,51.52,61.73,0,ADANSI NORTH,0,96.7,1.4,2.6,81.4,9.3,61.5,76.8,262.778551155136,206.1,0,-0.025,18.599999999999994,3.299999999999997,-0.625,-0.826,0.605,-0.688,0,0,0,region-broadcast,moderate (literature-ecological),0
9,Adansi South,ASHANTI,District,6.00427495,-1.39314032189093,85200,35.0,43.2,27.07,72.93,46.09,45.03,70.41,0,ADANSI SOUTH,0,96.7,1.4,2.6,81.4,9.3,61.5,76.8,773.852276984451,110.1,0,-0.417,18.599999999999994,3.299999999999997,-0.124,-0.511,0.605,0.438,0,0,0,region-broadcast,moderate (literature-ecological),0
10,Afigya Kwabre North,ASHANTI,District,7.03891495,-1.62667127242319,73330,25.2,43.7,23.98,76.02,30.12,51.79,77.32,0,AFIGYA KWABRE NORTH,0,96.7,1.4,2.6,81.4,9.3,61.5,76.8,190.539612357735,384.9,0,0.366,18.599999999999994,3.299999999999997,-0.506,-0.713,0.605,-0.262,0,0,0,region-broadcast,moderate (literature-ecological),0
11,Afigya Kwabre South,ASHANTI,District,6.83998064999999,-1.60957900170106,234667,13.0,43.3,13.42,86.58,24.97,49.3,66.24,0,AFIGYA KWABRE SOUTH,0,96.7,1.4,2.6,81.4,9.3,61.5,76.8,227.75188473350505,1030.4,0,0.982,18.599999999999994,3.299999999999997,-0.764,-0.964,0.605,-1.126,0,0,0,region-broadcast,moderate (literature-ecological),0
12,Ahafo Ano North Municipal,ASHANTI,Municipal,6.90966445,-2.23301229669742,92742,26.5,41.2,24.92,75.08,30.64,43.12,69.12,1,AHAFO ANO NORTH,0,96.7,1.4,2.6,81.4,9.3,61.5,76.8,606.3408447676851,153.0,0,-0.211,18.599999999999994,3.299999999999997,-0.479,-0.686,0.605,-0.176,0,0,0,region-broadcast,moderate (literature-ecological),0
13,Ahafo Ano South East,ASHANTI,District,6.94633355,-1.90095355028736,63468,31.8,42.5,32.24,67.76,32.34,46.29,79.4,0,AHAFO ANO SOUTH EAST,0,96.7,1.4,2.6,81.4,9.3,61.5,76.8,700.981582156464,90.5,0,-0.539,18.599999999999994,3.299999999999997,-0.375,-0.577,0.605,0.28,0,0,0,region-broadcast,moderate (literature-ecological),0
14,Ahafo Ano South West,ASHANTI,District,6.8289788,-2.00038660056909,65770,31.9,41.8,31.43,68.57,37.52,44.39,72.43,0,AHAFO ANO SOUTH WEST,0,96.7,1.4,2.6,81.4,9.3,61.5,76.8,515.344867564865,127.6,0,-0.325,18.599999999999994,3.299999999999997,-0.297,-0.575,0.605,0.336,0,0,0,region-broadcast,moderate (literature-ecological),0
15,Akrofuom,ASHANTI,District,6.03262245,-1.67136425707588,49291,37.0,44.2,30.03,69.97,42.84,49.31,65.86,0,ADANSI AKROFUOM,0,96.7,1.4,2.6,81.4,9.3,61.5,76.8,578.5260428427121,85.2,0,-0.577,18.599999999999994,3.299999999999997,-0.142,-0.47,0.605,0.557,0,0,0,region-broadcast,moderate (literature-ecological),0
16,Amansie Central,ASHANTI,District,6.20744165,-1.82814118592735,93052,28.6,43.3,29.44,70.56,33.99,44.63,65.97,0,AMANSIE CENTRAL,0,96.7,1.4,2.6,81.4,9.3,61.5,76.8,865.6027105695799,107.5,0,-0.432,18.599999999999994,3.299999999999997,-0.398,-0.643,0.605,0.098,0,0,0,region-broadcast,moderate (literature-ecological),0
17,Amansie South,ASHANTI,District,6.30802585,-2.01186652006877,113155,30.3,44.4,30.17,69.83,48.14,45.61,57.16,0,AMANSIE SOUTH,0,96.7,1.4,2.6,81.4,9.3,61.5,76.8,604.330453950348,187.2,0,-0.085,18.599999999999994,3.299999999999997,-0.163,-0.607,0.605,0.398,0,0,0,region-broadcast,moderate (literature-ecological),0
18,Amansie West,ASHANTI,District,6.43975084999999,-1.85237045719587,112627,31.0,44.7,27.0,73.0,43.02,52.21,67.64,0,AMANSIE WEST,0,96.7,1.4,2.6,81.4,9.3,61.5,76.8,650.5308209830249,173.1,0,-0.134,18.599999999999994,3.299999999999997,-0.229,-0.593,0.605,0.243,0,0,0,region-broadcast,moderate (literature-ecological),1
19,Asante Akim Central Municipal,ASHANTI,Municipal,6.56465915,-1.25347851347396,91673,16.9,42.6,17.22,82.78,19.68,51.13,63.0,1,ASANTE AKIM CENTRAL MUNICIPAL,0,96.7,1.4,2.6,81.4,9.3,61.5,76.8,306.386152195534,299.2,0,0.209,18.599999999999994,3.299999999999997,-0.784,-0.884,0.605,-0.941,0,0,0,region-broadcast,moderate (literature-ecological),0
20,Asante Akim North Municipal,ASHANTI,Municipal,6.906722,-0.958978,85202,26.0,42.1,23.85,76.15,34.0,47.13,63.22,1,ASANTE AKIM NORTH,0,96.7,1.4,2.6,81.4,9.3,61.5,76.8,1149.95929985303,74.1,0,-0.665,18.599999999999994,3.299999999999997,-0.437,-0.696,0.605,-0.178,0,0,0,region-broadcast,moderate (literature-ecological),1
21,Asante Akim South Municipal,ASHANTI,Municipal,6.46141735,-1.11533920112058,123633,24.6,42.2,25.62,74.38,32.61,43.84,75.84,1,ASANTE AKIM SOUTH,0,96.7,1.4,2.6,81.4,9.3,61.5,76.8,1176.39818386638,105.1,0,-0.446,18.599999999999994,3.299999999999997,-0.478,-0.725,0.605,-0.193,0,0,0,region-broadcast,moderate (literature-ecological),0
22,Asokore Mampong Municipal,ASHANTI,Municipal,6.7077852,-1.5665013,191402,11.3,42.7,19.35,80.65,20.28,48.52,58.22,1,ASOKORE MAMPONG MUNICIPAL,0,96.7,1.4,2.6,81.4,9.3,61.5,76.8,24.414757406059294,7839.6,0,2.251,18.599999999999994,3.299999999999997,-0.858,-0.999,0.605,-1.067,0,0,0,region-broadcast,moderate (literature-ecological),0
23,Asokwa Municipal,ASHANTI,Municipal,6.6739843,-1.6026178,125642,6.3,41.4,10.73,89.27,14.25,44.07,54.38,1,ASOKWA  MUNICIPAL,0,96.7,1.4,2.6,81.4,9.3,61.5,76.8,27.2516317101517,4610.4,0,1.919,18.599999999999994,3.299999999999997,-1.022,-1.102,0.605,-1.62,0,0,0,region-broadcast,moderate (literature-ecological),0
24,Atwima Kwanwoma,ASHANTI,District,6.65,-1.73333,234846,13.8,43.3,13.57,86.43,26.15,49.99,65.31,0,ATWIMA KWANWOMA,0,96.7,1.4,2.6,81.4,9.3,61.5,76.8,256.62993899417097,915.1,0,0.908,18.599999999999994,3.299999999999997,-0.734,-0.948,0.605,-1.074,0,0,0,region-broadcast,moderate (literature-ecological),0
25,Atwima Mponua,ASHANTI,District,6.5558963,-2.17659077213842,155254,25.1,42.4,29.22,70.78,24.13,43.5,71.85,0,ATWIMA MPONUA,0,96.7,1.4,2.6,81.4,9.3,61.5,76.8,1921.01492483662,80.8,0,-0.61,18.599999999999994,3.299999999999997,-0.596,-0.716,0.605,-0.186,0,0,0,region-broadcast,moderate (literature-ecological),0
26,Atwima Nwabiagya North,ASHANTI,District,6.87764335,-1.74489585317473,155025,13.5,43.1,15.74,84.26,21.41,50.93,65.37,0,ATWIMA NWABIAGYA NORTH,0,96.7,1.4,2.6,81.4,9.3,61.5,76.8,217.485844596024,712.8,0,0.752,18.599999999999994,3.299999999999997,-0.809,-0.954,0.605,-1.087,0,0,0,region-broadcast,moderate (literature-ecological),0
27,Atwima Nwabiagya South Municipal,ASHANTI,Municipal,7.0689359,-2.0226618,161893,12.5,43.0,13.83,86.17,23.44,48.4,62.62,1,ATWIMA NWABIAGYA SOUTH,0,96.7,1.4,2.6,81.4,9.3,61.5,76.8,373.893662859238,433.0,0,0.44,18.599999999999994,3.299999999999997,-0.794,-0.974,0.605,-1.154,0,0,0,region-broadcast,moderate (literature-ecological),0
28,Bekwai Municipal,ASHANTI,Municipal,6.43631235,-1.59282285301503,137967,19.4,43.6,17.87,82.13,27.7,51.03,68.05,1,BEKWAI MUNICIPAL,0,96.7,1.4,2.6,81.4,9.3,61.5,76.8,545.843561208199,252.8,0,0.103,18.599999999999994,3.299999999999997,-0.628,-0.832,0.605,-0.708,0,0,0,region-broadcast,moderate (literature-ecological),0
29,Bosome Freho,ASHANTI,District,6.3681227,-1.36632312680072,62259,31.3,41.0,28.55,71.45,49.05,40.5,77.42,0,BOSOME FREHO,0,96.7,1.4,2.6,81.4,9.3,61.5,76.8,579.806190876884,107.4,0,-0.432,18.599999999999994,3.299999999999997,-0.135,-0.586,0.605,0.396,0,0,0,region-broadcast,moderate (literature-ecological),0
30,Bosomtwi,ASHANTI,District,6.1777503,-0.1969922,165180,16.1,43.8,13.87,86.13,28.31,50.09,67.48,0,BOSOMTWE,0,96.7,1.4,2.6,81.4,9.3,61.5,76.8,431.043665161499,383.2,0,0.363,18.599999999999994,3.299999999999997,-0.668,-0.9,0.605,-0.948,0,0,0,region-broadcast,moderate (literature-ecological),0
31,Ejisu Municipal,ASHANTI,Municipal,6.7139918,-1.4665782,180723,13.5,43.6,14.91,85.09,21.69,50.56,63.19,1,EJISU MUNICIPAL,0,96.7,1.4,2.6,81.4,9.3,61.5,76.8,419.802584083778,430.5,0,0.436,18.599999999999994,3.299999999999997,-0.805,-0.954,0.605,-1.11,0,0,0,region-broadcast,moderate (literature-ecological),0
32,Ejura Sekyedumase Municipal,ASHANTI,Municipal,7.38567515,-1.39945747215309,137672,25.0,42.2,35.88,64.12,33.58,46.85,77.37,1,EJURA-SEKYEDUMASE,0,96.7,1.4,2.6,81.4,9.3,61.5,76.8,1372.1617484447702,100.3,0,-0.475,18.599999999999994,3.299999999999997,-0.458,-0.717,0.605,0.169,0,0,0,region-broadcast,moderate (literature-ecological),0
33,Juaben Municipal,ASHANTI,Municipal,6.0721368,-0.260652306105858,63929,20.9,43.1,21.97,78.03,30.42,47.11,73.73,1,JUABEN MUNICIPAL,0,96.7,1.4,2.6,81.4,9.3,61.5,76.8,174.779536751434,365.8,0,0.334,18.599999999999994,3.299999999999997,-0.565,-0.801,0.605,-0.479,0,0,0,region-broadcast,moderate (literature-ecological),0
34,"Kumasi Metropolitan Area (KMA)-Bantama, Manhyia North, Manhyia South, Nhyiaeso, & Subin",ASHANTI,Metropolitan,6.698152,-1.621229,443945,8.9,42.3,10.82,89.18,22.55,48.25,48.08,1,KUMASI METROPOLITAN,0,96.7,1.4,2.6,81.4,9.3,61.5,76.8,22.0681929028625,20117.0,0,2.841,18.599999999999994,3.299999999999997,-0.86,-1.048,0.605,-1.396,0,0,0,region-broadcast,moderate (literature-ecological),0
35,Kwabre East,ASHANTI,Municipal,6.7897864,-1.53792852576917,296814,10.6,43.3,12.89,87.11,24.41,47.25,65.34,1,KWABRE EAST,0,96.7,1.4,2.6,81.4,9.3,61.5,76.8,125.569947839691,2363.7,0,1.501,18.599999999999994,3.299999999999997,-0.808,-1.013,0.605,-1.239,0,0,0,region-broadcast,moderate (literature-ecological),0
36,Kwadaso Municipal,ASHANTI,Municipal,6.68059249999999,-1.67467000057054,154526,9.5,42.4,8.43,91.57,21.67,51.14,49.73,1,KWADASO MUNICIPAL,0,96.7,1.4,2.6,81.4,9.3,61.5,76.8,65.38634353153991,2363.3,0,1.501,18.599999999999994,3.299999999999997,-0.864,-1.036,0.605,-1.466,0,0,0,region-broadcast,moderate (literature-ecological),0
37,Mampong Municipal,ASHANTI,Municipal,7.056139,-1.40425,116632,22.5,42.6,20.67,79.33,29.79,53.56,64.19,1,MAMPONG MUNICIPAL,0,96.7,1.4,2.6,81.4,9.3,61.5,76.8,685.510366788643,170.1,0,-0.145,18.599999999999994,3.299999999999997,-0.551,-0.769,0.605,-0.472,0,0,0,region-broadcast,moderate (literature-ecological),0
38,Obuasi East,ASHANTI,Municipal,6.1796409,-1.60356394182495,92401,13.1,42.7,15.48,84.52,17.4,51.29,59.83,1,OBUASI EAST,0,96.7,1.4,2.6,81.4,9.3,61.5,76.8,76.3951986198807,1209.5,0,1.082,18.599999999999994,3.299999999999997,-0.874,-0.963,0.605,-1.171,0,0,0,region-broadcast,moderate (literature-ecological),0
39,Obuasi Municipal,ASHANTI,Municipal,6.211542,-1.6894045,104297,11.1,42.8,12.32,87.68,19.66,49.09,54.28,1,OBUASI MUNICIPAL,0,96.7,1.4,2.6,81.4,9.3,61.5,76.8,148.425768709381,702.7,0,0.743,18.599999999999994,3.299999999999997,-0.87,-1.003,0.605,-1.312,0,0,0,region-broadcast,moderate (literature-ecological),0
40,Offinso Municipal,ASHANTI,Municipal,7.05794129999999,-1.73462655987467,137272,23.5,42.8,24.85,75.15,30.81,51.11,70.72,1,OFFINSO MUNICIPAL,0,96.7,1.4,2.6,81.4,9.3,61.5,76.8,598.752123089066,229.3,0,0.042,18.599999999999994,3.299999999999997,-0.521,-0.748,0.605,-0.285,0,0,0,region-broadcast,moderate (literature-ecological),0
41,Offinso North,ASHANTI,District,7.27974815,-1.79832745610104,83440,34.3,41.5,37.39,62.61,33.47,43.79,77.88,0,OFFINSO NORTH,0,96.7,1.4,2.6,81.4,9.3,61.5,76.8,967.9688685559388,86.2,0,-0.57,18.599999999999994,3.299999999999997,-0.321,-0.526,0.605,0.555,0,0,0,region-broadcast,moderate (literature-ecological),0
42,Oforikrom Municipal,ASHANTI,Municipal,6.672717,-1.5504236985326,213126,10.0,42.8,10.1,89.9,23.01,59.81,39.31,1,OFORIKROM MUNICIPAL,0,96.7,1.4,2.6,81.4,9.3,61.5,76.8,46.2866207902832,4604.5,0,1.919,18.599999999999994,3.299999999999997,-0.837,-1.026,0.605,-1.373,0,0,0,region-broadcast,moderate (literature-ecological),0
43,Old Tafo Municipal,ASHANTI,Municipal,6.74083555,-1.60465968075918,114368,9.2,42.9,11.73,88.27,24.65,45.31,55.64,1,OLD TAFO MUNICIPAL,0,96.7,1.4,2.6,81.4,9.3,61.5,76.8,29.711520212699902,3849.3,0,1.806,18.599999999999994,3.299999999999997,-0.825,-1.042,0.605,-1.324,0,0,0,region-broadcast,moderate (literature-ecological),0
44,Sekyere Afram Plains,ASHANTI,District,7.20286155,-0.592081996515861,33226,50.5,40.8,51.7,48.3,63.4,42.38,83.22,0,SEKYERE AFRAM PLAINS NORTH,0,96.7,1.4,2.6,81.4,9.3,61.5,76.8,3606.67118219745,9.2,0,-1.97,18.599999999999994,3.299999999999997,0.363,-0.191,0.605,2.063,0,0,0,region-broadcast,moderate (literature-ecological),0
45,Sekyere Central,ASHANTI,District,7.21625465,-1.09955606489201,73228,39.8,42.4,33.02,66.98,52.34,47.72,77.13,0,SEKYERE CENTRAL,0,96.7,1.4,2.6,81.4,9.3,61.5,76.8,1668.84912288109,43.9,0,-0.992,18.599999999999994,3.299999999999997,0.04,-0.412,0.605,0.9,0,0,0,region-broadcast,moderate (literature-ecological),0
46,Sekyere East,ASHANTI,District,6.77947295,-1.29935419961981,74789,17.3,42.5,17.21,82.79,23.59,50.74,68.88,0,SEKYERE EAST,0,96.7,1.4,2.6,81.4,9.3,61.5,76.8,244.21116723366495,306.2,0,0.223,18.599999999999994,3.299999999999997,-0.72,-0.876,0.605,-0.868,0,0,0,region-broadcast,moderate (literature-ecological),0
47,Sekyere Kumawu,ASHANTI,District,6.9098849,-1.23942940155571,64396,23.9,42.9,20.33,79.67,35.78,50.45,76.25,0,SEKYERE KUMAWU,0,96.7,1.4,2.6,81.4,9.3,61.5,76.8,589.141682972687,109.3,0,-0.421,18.599999999999994,3.299999999999997,-0.441,-0.739,0.605,-0.341,0,0,0,region-broadcast,moderate (literature-ecological),0
48,Sekyere South,ASHANTI,District,6.99532965,-1.50292100938884,120076,22.6,42.8,17.74,82.26,26.93,52.82,68.71,0,SEKYERE SOUTH,0,96.7,1.4,2.6,81.4,9.3,61.5,76.8,425.9906902677,281.9,0,0.171,18.599999999999994,3.299999999999997,-0.592,-0.767,0.605,-0.607,0,0,0,region-broadcast,moderate (literature-ecological),0
49,Suame Municipal,ASHANTI,Municipal,6.738487,-1.62476687694823,136290,8.7,42.7,10.34,89.66,23.69,43.49,55.83,1,SUAME MUNICIPAL,0,96.7,1.4,2.6,81.4,9.3,61.5,76.8,28.027769038063,4862.7,0,1.953,18.599999999999994,3.299999999999997,-0.846,-1.052,0.605,-1.402,0,0,0,region-broadcast,moderate (literature-ecological),0
50,Banda,BONO,District,8.1645269,-2.3569966,28179,35.7,43.7,41.63,58.37,23.59,56.41,71.57,0,BANDA,0,91.8,7.1,7.1,69.2,13.0,61.5,76.1,2361.8029910385,11.9,0,-1.809,30.8,8.200000000000003,-0.22,-0.171,0.605,0.594,1,0,1,region-broadcast,moderate (literature-ecological),0
51,Berekum East Municipal,BONO,Municipal,7.4848835,-2.56459096524003,106252,12.6,41.7,14.74,85.26,11.53,51.35,57.89,1,BEREKUM EAST MUNICIPAL,0,91.8,7.1,7.1,69.2,13.0,61.5,76.1,472.791840604294,224.7,0,0.029,30.8,8.200000000000003,-0.742,-0.646,0.605,-1.302,1,0,1,region-broadcast,moderate (literature-ecological),0
52,Berekum West,BONO,District,7.47199419999999,-2.71078914019081,49464,14.8,41.6,22.9,77.1,12.49,50.65,64.76,0,BEREKUM WEST,0,91.8,7.1,7.1,69.2,13.0,61.5,76.1,410.860354409348,120.4,0,-0.361,30.8,8.200000000000003,-0.695,-0.601,0.605,-0.943,1,0,1,region-broadcast,moderate (literature-ecological),0
53,Dormaa Central Municipal,BONO,Municipal,7.23948645,-2.85657511014467,112702,15.8,41.7,22.18,77.82,17.34,47.13,64.19,1,DORMAA MUNICIPAL,0,91.8,7.1,7.1,69.2,13.0,61.5,76.1,1237.03678064922,91.1,0,-0.535,30.8,8.200000000000003,-0.608,-0.58,0.605,-0.856,1,0,1,region-broadcast,moderate (literature-ecological),0
54,Dormaa East,BONO,District,7.26432845,-2.64146295349265,67899,19.5,41.7,24.68,75.32,13.64,49.66,65.56,0,DORMAA EAST,0,91.8,7.1,7.1,69.2,13.0,61.5,76.1,582.94288403363,116.5,0,-0.382,30.8,8.200000000000003,-0.608,-0.504,0.605,-0.697,1,0,1,region-broadcast,moderate (literature-ecological),0
55,Dormaa West,BONO,District,6.97538415,-2.9463116043167,47913,23.2,40.8,30.1,69.9,20.34,41.23,67.74,0,DORMAA WEST,0,91.8,7.1,7.1,69.2,13.0,61.5,76.1,388.98868457841496,123.2,0,-0.347,30.8,8.200000000000003,-0.454,-0.428,0.605,-0.284,1,0,1,region-broadcast,moderate (literature-ecological),0
56,Jaman North,BONO,District,7.9132614,-2.69723280400663,116529,14.5,42.4,26.41,73.59,7.06,51.83,67.08,0,JAMAN NORTH,0,91.8,7.1,7.1,69.2,13.0,61.5,76.1,1057.59912206319,110.2,0,-0.416,30.8,8.200000000000003,-0.78,-0.608,0.605,-0.922,1,0,1,region-broadcast,moderate (literature-ecological),0
57,Jaman South,BONO,Municipal,7.62036559999999,-2.7963718064665,109768,15.6,42.1,26.35,73.65,8.82,49.44,67.67,1,JAMAN SOUTH MUNICIPAL,0,91.8,7.1,7.1,69.2,13.0,61.5,76.1,773.4992208524479,141.9,0,-0.258,30.8,8.200000000000003,-0.737,-0.585,0.605,-0.857,1,0,1,region-broadcast,moderate (literature-ecological),0
58,Sunyani Municipal,BONO,Municipal,7.3384389,-2.3309226,193595,10.9,41.5,14.47,85.53,11.18,51.26,53.37,1,SUNYANI MUNICIPAL,0,91.8,7.1,7.1,69.2,13.0,61.5,76.1,518.2047718891599,373.6,0,0.347,30.8,8.200000000000003,-0.772,-0.681,0.605,-1.378,1,0,1,region-broadcast,moderate (literature-ecological),0
59,Sunyani West Municipal,BONO,Municipal,7.35779433737633,-2.34687996021684,136022,17.6,43.1,20.83,79.17,15.61,55.78,56.77,1,SUNYANI WEST,0,91.8,7.1,7.1,69.2,13.0,61.5,76.1,1084.3406075691098,125.4,0,-0.335,30.8,8.200000000000003,-0.607,-0.543,0.605,-0.861,1,0,1,region-broadcast,moderate (literature-ecological),0
60,Tain,BONO,District,7.9614185,-2.1422727,115568,21.5,41.9,36.55,63.45,19.06,46.67,70.04,0,TAIN,0,91.8,7.1,7.1,69.2,13.0,61.5,76.1,1876.0943701786,61.6,0,-0.78,30.8,8.200000000000003,-0.498,-0.463,0.605,-0.157,1,0,1,region-broadcast,moderate (literature-ecological),0
61,Wenchi Municipal,BONO,Municipal,7.80281055,-2.08141333112632,124758,23.6,42.2,33.76,66.24,20.26,50.64,72.16,1,WENCHI MUNICIPAL,0,91.8,7.1,7.1,69.2,13.0,61.5,76.1,1174.17818800168,106.3,0,-0.439,30.8,8.200000000000003,-0.449,-0.42,0.605,-0.152,1,0,1,region-broadcast,moderate (literature-ecological),0
62,Atebubu Amantin Municipal,BONO EAST,Municipal,7.72813859999999,-1.09550967027384,144947,28.8,41.5,40.99,59.01,25.49,44.98,76.73,1,ATEBUBU AMANTIN,0,82.3,16.8,5.9,49.6,44.0,44.9,64.3,2691.06932099638,53.9,0,-0.864,50.4,17.700000000000003,0.302,0.56,0.605,0.351,1,0,1,region-broadcast,moderate (literature-ecological),0
63,Kintampo North Municipal,BONO EAST,Municipal,8.053714,-1.728919,140250,28.1,43.4,40.52,59.48,21.6,53.38,74.02,1,KINTAMPO NORTH MUNICIPAL,0,82.3,16.8,5.9,49.6,44.0,44.9,64.3,5028.52941327658,27.9,0,-1.276,50.4,17.700000000000003,0.234,0.545,0.605,0.251,1,0,1,region-broadcast,moderate (literature-ecological),0
64,Kintampo South,BONO EAST,District,7.94321545,-1.73400515142892,88384,26.0,42.3,40.52,59.48,18.55,46.47,76.72,0,KINTAMPO SOUTH,0,82.3,16.8,5.9,49.6,44.0,44.9,64.3,1553.27644517102,56.9,0,-0.83,50.4,17.700000000000003,0.157,0.502,0.605,0.128,1,0,1,region-broadcast,moderate (literature-ecological),0
65,Nkoranza North,BONO EAST,District,7.7184776,-1.64389618122841,56468,25.8,41.4,34.75,65.25,17.75,46.87,74.22,0,NKORANZA NORTH,0,82.3,16.8,5.9,49.6,44.0,44.9,64.3,1421.68567113805,39.7,0,-1.055,50.4,17.700000000000003,0.143,0.498,0.605,-0.078,1,0,1,region-broadcast,moderate (literature-ecological),0
66,Nkoranza South Municipal,BONO EAST,Municipal,7.45296465,-1.67701851419084,114642,18.0,41.6,29.96,70.04,14.69,46.81,69.18,1,NKORANZA SOUTH,0,82.3,16.8,5.9,49.6,44.0,44.9,64.3,944.9501740502092,121.3,0,-0.356,50.4,17.700000000000003,-0.019,0.337,0.605,-0.564,1,0,1,region-broadcast,moderate (literature-ecological),0
67,Pru East,BONO EAST,District,7.9636217,-0.9549861,100840,30.3,41.2,43.86,56.14,28.24,45.26,75.41,0,PRU EAST,0,82.3,16.8,5.9,49.6,44.0,44.9,64.3,1697.22257488349,59.4,0,-0.803,50.4,17.700000000000003,0.365,0.591,0.605,0.54,1,0,1,region-broadcast,moderate (literature-ecological),0
68,Pru West,BONO EAST,District,8.03487795,-1.31329234137589,69820,38.3,40.8,47.34,52.66,41.22,43.97,77.2,0,PRU WEST,0,82.3,16.8,5.9,49.6,44.0,44.9,64.3,1611.09626045158,43.3,0,-1.001,50.4,17.700000000000003,0.676,0.756,0.605,1.141,1,0,1,region-broadcast,moderate (literature-ecological),0
69,Sene East,BONO EAST,District,7.6658435,-0.182426172494555,72081,49.5,41.5,49.9,50.1,43.63,43.57,83.92,0,SENE EAST,0,82.3,16.8,5.9,49.6,44.0,44.9,64.3,4500.83009263494,16.0,0,-1.623,50.4,17.700000000000003,0.878,0.986,0.605,1.668,1,0,1,region-broadcast,moderate (literature-ecological),0
70,Sene West,BONO EAST,District,7.74897775,-0.618112944814146,70104,26.8,41.0,47.63,52.37,20.33,38.67,75.61,0,SENE WEST,0,82.3,16.8,5.9,49.6,44.0,44.9,64.3,3345.4543856907503,21.0,0,-1.453,50.4,17.700000000000003,0.196,0.518,0.605,0.415,1,0,1,region-broadcast,moderate (literature-ecological),0
71,Techiman Municipal,BONO EAST,Municipal,7.5279454,-1.97466940505838,243335,9.8,41.4,23.61,76.39,11.53,43.28,63.26,1,TECHIMAN MUNICIPAL,0,82.3,16.8,5.9,49.6,44.0,44.9,64.3,664.866453645782,366.0,0,0.335,50.4,17.700000000000003,-0.187,0.168,0.605,-1.116,1,0,1,region-broadcast,moderate (literature-ecological),0
72,Techiman North,BONO EAST,District,7.70365499999999,-1.98577027897075,102529,15.0,41.8,26.88,73.12,14.99,48.06,65.26,0,TECHIMAN NORTH,0,82.3,16.8,5.9,49.6,44.0,44.9,64.3,399.181543653183,256.8,0,0.113,50.4,17.700000000000003,-0.059,0.276,0.605,-0.768,1,0,1,region-broadcast,moderate (literature-ecological),0
73,Abura Asebu Kwamankese,CENTRAL,District,5.2698722,-1.18890498156872,124465,28.0,44.1,26.92,73.08,35.54,50.57,73.81,0,ABURA-ASEBU-KWAMANKESE,0,90.2,9.1,5.7,69.8,12.7,72.9,74.1,382.608087653549,325.3,0,0.261,30.200000000000003,9.799999999999995,-0.136,-0.304,0.605,0.018,0,0,0,region-broadcast,moderate (literature-ecological),0
74,Agona East,CENTRAL,District,5.63553575,-0.654757357749996,98637,25.9,43.6,22.75,77.25,53.92,49.42,67.03,0,AGONA EAST,0,90.2,9.1,5.7,69.8,12.7,72.9,74.1,332.83700557069,296.4,0,0.203,30.200000000000003,9.799999999999995,0.105,-0.346,0.605,0.085,0,0,0,region-broadcast,moderate (literature-ecological),0
75,Agona West Municipal,CENTRAL,Municipal,4.8901537,-1.9664135,136569,21.0,43.7,19.49,80.51,36.45,48.1,64.0,1,AGONA WEST MUNICIPAL,0,90.2,9.1,5.7,69.8,12.7,72.9,74.1,362.16558356324,377.1,0,0.353,30.200000000000003,9.799999999999995,-0.227,-0.448,0.605,-0.464,0,0,0,region-broadcast,moderate (literature-ecological),0
76,Ajumako Enyan Essiam,CENTRAL,District,5.41243515,-0.984801059019988,120586,29.6,43.5,24.18,75.82,40.74,50.08,76.03,0,AJUMAKO-ENYAN-ESSIAM,0,90.2,9.1,5.7,69.8,12.7,72.9,74.1,529.607339817646,227.7,0,0.038,30.200000000000003,9.799999999999995,-0.036,-0.271,0.605,0.066,0,0,0,region-broadcast,moderate (literature-ecological),0
77,Asikuma Odoben Brakwa,CENTRAL,District,5.62649825,-1.02551876426311,126993,29.0,42.3,25.36,74.64,36.64,45.63,74.39,0,ASIKUMA-ODOBEN-BRAKWA,0,90.2,9.1,5.7,69.8,12.7,72.9,74.1,785.516182710354,161.7,0,-0.176,30.200000000000003,9.799999999999995,-0.105,-0.284,0.605,0.02,0,0,0,region-broadcast,moderate (literature-ecological),0
78,Assin Central Municipal,CENTRAL,Municipal,5.73294244999999,-1.31730368183195,88753,18.1,42.8,14.64,85.36,34.53,45.5,64.89,1,ASSIN FOSU,0,90.2,9.1,5.7,69.8,12.7,72.9,74.1,283.546236825394,313.0,0,0.237,30.200000000000003,9.799999999999995,-0.299,-0.508,0.605,-0.756,0,0,0,region-broadcast,moderate (literature-ecological),0
79,Assin North,CENTRAL,District,5.82545685,-1.37392719579152,80539,31.9,42.0,27.51,72.49,47.2,42.01,71.0,0,ASSIN NORTH,0,90.2,9.1,5.7,69.8,12.7,72.9,74.1,738.62700607785,109.0,0,-0.423,30.200000000000003,9.799999999999995,0.094,-0.223,0.605,0.356,0,0,0,region-broadcast,moderate (literature-ecological),0
80,Assin South,CENTRAL,District,5.52889644999999,-1.2709401638536,105995,27.4,41.7,25.67,74.33,36.3,45.56,76.06,0,ASSIN SOUTH,0,90.2,9.1,5.7,69.8,12.7,72.9,74.1,1119.09634180981,94.7,0,-0.511,30.200000000000003,9.799999999999995,-0.134,-0.317,0.605,-0.033,0,0,0,region-broadcast,moderate (literature-ecological),0
81,Awutu Senya East Municipal,CENTRAL,Municipal,5.40379055,-0.518157686947431,236527,10.6,42.9,10.35,89.65,41.97,45.99,57.31,1,AWUTU SENYA EAST,0,90.2,9.1,5.7,69.8,12.7,72.9,74.1,109.769812835636,2154.8,0,1.444,30.200000000000003,9.799999999999995,-0.3,-0.661,0.605,-1.055,0,0,0,region-broadcast,moderate (literature-ecological),0
82,Awutu Senya West,CENTRAL,District,5.61965885,-0.520145612112832,161460,22.5,44.5,25.3,74.7,57.33,45.22,71.46,0,AWUTU SENYA,0,90.2,9.1,5.7,69.8,12.7,72.9,74.1,248.592039437904,649.5,0,0.693,30.200000000000003,9.799999999999995,0.104,-0.416,0.605,0.096,0,0,0,region-broadcast,moderate (literature-ecological),0
83,Cape Cape Metropolitan Area (CCMA)-Cape Coast South & Cape Coast North,CENTRAL,Metropolitan,5.1115501,-1.2484127,187365,12.9,44.3,10.95,89.05,27.52,49.04,48.31,1,CAPE COAST METROPOLITAN,0,90.2,9.1,5.7,69.8,12.7,72.9,74.1,124.259554376411,1507.9,0,1.22,30.200000000000003,9.799999999999995,-0.48,-0.615,0.605,-1.171,0,0,0,region-broadcast,moderate (literature-ecological),0
84,Effutu Municipal,CENTRAL,Municipal,5.38339225,-0.597395635326539,108816,21.7,44.2,18.59,81.41,29.94,65.75,43.32,1,EFFUTU MUNICIPAL,0,90.2,9.1,5.7,69.8,12.7,72.9,74.1,86.5560264783096,1257.2,0,1.107,30.200000000000003,9.799999999999995,-0.313,-0.434,0.605,-0.567,0,0,0,region-broadcast,moderate (literature-ecological),0
85,Ekumfi,CENTRAL,District,5.28914455,-0.908864632637807,56741,31.5,45.6,32.59,67.41,59.34,51.79,82.94,0,EKUMFI,0,90.2,9.1,5.7,69.8,12.7,72.9,74.1,280.98640311229303,201.9,0,-0.038,30.200000000000003,9.799999999999995,0.268,-0.231,0.605,0.69,0,0,0,region-broadcast,moderate (literature-ecological),0
86,Gomoa Central,CENTRAL,District,5.47699369999999,-0.589745989100534,82592,18.8,44.1,21.23,78.77,45.73,45.96,72.1,0,GOMOA CENTRAL,0,90.2,9.1,5.7,69.8,12.7,72.9,74.1,123.403587215515,669.3,0,0.712,30.200000000000003,9.799999999999995,-0.122,-0.493,0.605,-0.347,0,0,0,region-broadcast,moderate (literature-ecological),0
87,Gomoa East,CENTRAL,District,5.47699369999999,-0.589745989100534,308697,14.4,43.7,14.0,86.0,44.5,48.4,62.35,0,GOMOA EAST,0,90.2,9.1,5.7,69.8,12.7,72.9,74.1,548.497613729919,562.8,0,0.604,30.200000000000003,9.799999999999995,-0.206,-0.583,0.605,-0.76,0,0,0,region-broadcast,moderate (literature-ecological),0
88,Gomoa West,CENTRAL,District,5.38725545,-0.833638570821268,129512,28.3,44.4,30.44,69.56,50.47,49.05,78.12,0,GOMOA WEST,0,90.2,9.1,5.7,69.8,12.7,72.9,74.1,342.44556454628804,378.2,0,0.355,30.200000000000003,9.799999999999995,0.089,-0.297,0.605,0.37,0,0,0,region-broadcast,moderate (literature-ecological),0
89,Komenda Edina Eguafo Abirem Municipal,CENTRAL,Municipal,5.1302015,-1.43995928979516,166017,25.1,44.2,26.06,73.94,45.3,49.94,71.61,1,KOMENDA-EDINA-EGUAFO-ABIREM MUNICIPAL,0,90.2,9.1,5.7,69.8,12.7,72.9,74.1,459.350600708015,361.4,0,0.327,30.200000000000003,9.799999999999995,-0.035,-0.363,0.605,0.033,0,0,0,region-broadcast,moderate (literature-ecological),0
90,Mfantsiman Municipal,CENTRAL,Municipal,5.27644145,-1.03472089878279,168905,24.0,44.8,23.38,76.62,39.69,51.22,69.23,1,MFANTSEMAN MUNICIPAL,0,90.2,9.1,5.7,69.8,12.7,72.9,74.1,305.36463816253297,553.1,0,0.593,30.200000000000003,9.799999999999995,-0.134,-0.386,0.605,-0.18,0,0,0,region-broadcast,moderate (literature-ecological),0
91,Twifo Ati Morkwa,CENTRAL,District,5.61529845,-1.57822136908747,100851,34.1,42.7,27.22,72.78,44.01,49.29,72.45,0,TWIFO ATTI-MORKWA,0,90.2,9.1,5.7,69.8,12.7,72.9,74.1,971.5879377647932,103.8,0,-0.454,30.200000000000003,9.799999999999995,0.08,-0.179,0.605,0.378,0,0,0,region-broadcast,moderate (literature-ecological),0
92,Twifo Heman Lower Denkyira,CENTRAL,District,5.49471475,-1.53636464977824,66075,32.1,42.4,25.88,74.12,55.39,45.72,70.72,0,TWIFO HEMANG LOWER DENKYIRA,0,90.2,9.1,5.7,69.8,12.7,72.9,74.1,584.7277504905011,113.0,0,-0.401,30.200000000000003,9.799999999999995,0.218,-0.219,0.605,0.435,0,0,0,region-broadcast,moderate (literature-ecological),0
93,Upper Denkyira East Municipal,CENTRAL,Municipal,5.83523424999999,-1.73920835777296,110141,24.3,43.8,21.21,78.79,27.9,50.8,65.3,1,UPPER DENKYIRA EAST MUNICIPAL,0,90.2,9.1,5.7,69.8,12.7,72.9,74.1,510.745996798256,215.6,0,0.004,30.200000000000003,9.799999999999995,-0.304,-0.381,0.605,-0.418,0,0,0,region-broadcast,moderate (literature-ecological),0
94,Upper Denkyira West,CENTRAL,District,6.10783305,-2.06931071266353,91025,24.5,43.6,28.16,71.84,48.34,43.64,60.73,0,UPPER DENKYIRA WEST,0,90.2,9.1,5.7,69.8,12.7,72.9,74.1,589.811336204071,154.3,0,-0.206,30.200000000000003,9.799999999999995,0.001,-0.375,0.605,0.125,0,0,0,region-broadcast,moderate (literature-ecological),0
95,Abuakwa North Municipal,EASTERN,Municipal,6.2336986,-0.382588987736012,76195,15.7,42.9,14.47,85.53,20.35,51.68,62.23,1,ABUAKWA NORTH,0,87.3,9.8,2.1,73.5,5.7,66.7,72.8,161.925496628189,470.6,0,0.492,26.5,12.700000000000005,-0.582,-0.632,0.605,-1.064,0,0,0,region-broadcast,moderate (literature-ecological),0
96,Abuakwa South Municipal,EASTERN,Municipal,6.1727705,-0.470361048613095,89051,21.1,43.4,19.44,80.56,21.98,51.29,62.49,1,ABUAKWA SOUTH,0,87.3,9.8,2.1,73.5,5.7,66.7,72.8,355.953113429043,250.2,0,0.097,26.5,12.700000000000005,-0.477,-0.52,0.605,-0.682,0,0,0,region-broadcast,moderate (literature-ecological),0
97,Achiase,EASTERN,District,5.8354534,-0.9966928,56348,29.9,44.6,25.7,74.3,31.76,51.87,73.22,0,ACHIASE,0,87.3,9.8,2.1,73.5,5.7,66.7,72.8,421.582971462315,133.7,0,-0.295,26.5,12.700000000000005,-0.201,-0.339,0.605,-0.01,0,0,0,region-broadcast,moderate (literature-ecological),0
98,Akwapim North Municipal,EASTERN,Municipal,5.9014961,-0.14597334325382,105315,20.1,43.2,14.53,85.47,21.47,58.37,58.62,1,AKWAPEM NORTH,0,87.3,9.8,2.1,73.5,5.7,66.7,72.8,311.951823827461,337.6,0,0.284,26.5,12.700000000000005,-0.5,-0.541,0.605,-0.885,0,0,0,region-broadcast,moderate (literature-ecological),0
99,Akwapim South Municipal,EASTERN,Municipal,8.25846,0.508747,76922,19.4,43.5,15.17,84.83,30.66,51.9,55.43,1,AKWAPEM SOUTH,0,87.3,9.8,2.1,73.5,5.7,66.7,72.8,228.053175314112,337.3,0,0.283,26.5,12.700000000000005,-0.374,-0.555,0.605,-0.75,0,0,0,region-broadcast,moderate (literature-ecological),1
100,Akyemansa,EASTERN,District,6.0815994,-1.11546439579942,91038,23.6,42.4,27.68,72.32,26.48,43.6,73.18,0,AKYEM MANSA,0,87.3,9.8,2.1,73.5,5.7,66.7,72.8,623.122693029572,146.1,0,-0.24,26.5,12.700000000000005,-0.373,-0.469,0.605,-0.255,0,0,0,region-broadcast,moderate (literature-ecological),0
101,Asene Manso Akroso,EASTERN,District,5.85516295,-0.8089562448565,77498,25.7,42.5,24.11,75.89,30.19,47.31,72.11,0,ASENE AKROSO MANSO,0,87.3,9.8,2.1,73.5,5.7,66.7,72.8,426.184707019485,181.8,0,-0.103,26.5,12.700000000000005,-0.287,-0.425,0.605,-0.238,0,0,0,region-broadcast,moderate (literature-ecological),0
102,Asuogyaman,EASTERN,District,6.36279085,0.0952598707485648,101256,21.8,43.1,18.67,81.33,21.4,51.68,63.12,0,ASUOGYAMAN,0,87.3,9.8,2.1,73.5,5.7,66.7,72.8,780.6911079769501,129.7,0,-0.314,26.5,12.700000000000005,-0.475,-0.506,0.605,-0.69,0,0,0,region-broadcast,moderate (literature-ecological),0
103,Atiwa East,EASTERN,District,6.3954833,-0.597296233359515,64647,18.4,42.4,20.07,79.93,17.86,45.86,71.1,0,ATIWA EAST,0,87.3,9.8,2.1,73.5,5.7,66.7,72.8,591.233600830166,109.3,0,-0.421,26.5,12.700000000000005,-0.578,-0.576,0.605,-0.822,0,0,0,region-broadcast,moderate (literature-ecological),0
104,Atiwa West,EASTERN,District,6.20778059999999,-0.635808682575408,61219,18.9,42.5,20.46,79.54,29.79,42.76,71.78,0,ATIWA WEST,0,87.3,9.8,2.1,73.5,5.7,66.7,72.8,596.698132107407,102.6,0,-0.461,26.5,12.700000000000005,-0.394,-0.565,0.605,-0.61,0,0,0,region-broadcast,moderate (literature-ecological),0
105,Ayensuano,EASTERN,District,5.94469995,-0.449937193103216,94594,29.1,42.9,27.38,72.62,46.51,42.7,74.96,0,AYENSUANO,0,87.3,9.8,2.1,73.5,5.7,66.7,72.8,507.94425089975,186.2,0,-0.088,26.5,12.700000000000005,0.005,-0.354,0.605,0.239,0,0,0,region-broadcast,moderate (literature-ecological),0
106,Birim Central Municipal,EASTERN,Municipal,5.97391735,-1.00480959493596,76302,11.9,41.9,13.04,86.96,12.18,51.4,56.69,1,BIRIM CENTRAL MUNICIPAL,0,87.3,9.8,2.1,73.5,5.7,66.7,72.8,108.304491301941,704.5,0,0.744,26.5,12.700000000000005,-0.759,-0.71,0.605,-1.373,0,0,0,region-broadcast,moderate (literature-ecological),0
107,Birim North,EASTERN,District,6.3681437,-1.02271793293055,82669,18.3,42.6,21.3,78.7,17.16,45.72,68.66,0,BIRIM NORTH,0,87.3,9.8,2.1,73.5,5.7,66.7,72.8,577.601338047081,143.1,0,-0.253,26.5,12.700000000000005,-0.59,-0.578,0.605,-0.796,0,0,0,region-broadcast,moderate (literature-ecological),0
108,Birim South,EASTERN,District,5.9375343,-1.0087951,35654,24.9,43.6,20.44,79.56,29.4,50.64,67.96,0,BIRIM SOUTH,0,87.3,9.8,2.1,73.5,5.7,66.7,72.8,317.209458675034,112.4,0,-0.404,26.5,12.700000000000005,-0.311,-0.442,0.605,-0.398,0,0,0,region-broadcast,moderate (literature-ecological),0
109,Denkyembuor,EASTERN,District,6.05,-0.8,77029,18.1,42.3,19.87,80.13,12.96,53.42,61.19,0,DENKYEMBOUR,0,87.3,9.8,2.1,73.5,5.7,66.7,72.8,444.280493707638,173.4,0,-0.133,26.5,12.700000000000005,-0.655,-0.583,0.605,-0.914,0,0,0,region-broadcast,moderate (literature-ecological),0
110,Fanteakwa North,EASTERN,District,6.49761694999999,-0.362546050326661,56987,28.9,41.9,28.56,71.44,30.99,42.24,69.56,0,FANTEAKWA NORTH,0,87.3,9.8,2.1,73.5,5.7,66.7,72.8,853.459098336097,66.8,0,-0.729,26.5,12.700000000000005,-0.228,-0.36,0.605,0.035,0,0,0,region-broadcast,moderate (literature-ecological),0
111,Fanteakwa South,EASTERN,District,6.37117379999999,-0.311872167608319,54634,21.7,41.7,17.87,82.13,24.61,44.9,63.95,0,FANTEAKWA SOUTH,0,87.3,9.8,2.1,73.5,5.7,66.7,72.8,267.16616690485,204.5,0,-0.03,26.5,12.700000000000005,-0.429,-0.508,0.605,-0.671,0,0,0,region-broadcast,moderate (literature-ecological),0
112,Kwaebibirem Municipal,EASTERN,Municipal,6.23359759999999,-0.87590978580917,121698,19.6,42.9,20.38,79.62,20.02,46.8,68.09,1,KWAEBIBIREM,0,87.3,9.8,2.1,73.5,5.7,66.7,72.8,818.744070859772,148.6,0,-0.229,26.5,12.700000000000005,-0.528,-0.551,0.605,-0.736,0,0,0,region-broadcast,moderate (literature-ecological),0
113,Kwahu Afram Plains North,EASTERN,District,6.8753584,0.0047456123339843,66555,48.5,41.9,42.23,57.77,48.1,39.26,72.11,0,KWAHU AFRAM PLAINS NORTH,0,87.3,9.8,2.1,73.5,5.7,66.7,72.8,2391.56826853602,27.8,0,-1.278,26.5,12.700000000000005,0.317,0.044,0.605,1.451,0,0,0,region-broadcast,moderate (literature-ecological),0
114,Kwahu Afram Plains South,EASTERN,District,6.8854777,-0.460380290065423,74002,39.1,41.6,40.55,59.45,44.69,37.9,73.52,0,KWAHU AFRAM PLAINS SOUTH,0,87.3,9.8,2.1,73.5,5.7,66.7,72.8,3161.94628471314,23.4,0,-1.386,26.5,12.700000000000005,0.127,-0.149,0.605,1.003,0,0,0,region-broadcast,moderate (literature-ecological),0
115,Kwahu East,EASTERN,District,6.73342465,-0.81009459846416,80233,29.4,42.0,23.88,76.12,31.3,48.68,69.36,0,KWAHU EAST,0,87.3,9.8,2.1,73.5,5.7,66.7,72.8,636.39033883778,126.1,0,-0.332,26.5,12.700000000000005,-0.216,-0.349,0.605,-0.094,0,0,0,region-broadcast,moderate (literature-ecological),0
116,Kwahu South Municipal,EASTERN,Municipal,8.25846,0.508747,79851,28.8,43.4,23.7,76.3,28.58,50.51,72.27,1,KWAHU SOUTH,0,87.3,9.8,2.1,73.5,5.7,66.7,72.8,812.163124657246,98.3,0,-0.488,26.5,12.700000000000005,-0.265,-0.362,0.605,-0.163,0,0,0,region-broadcast,moderate (literature-ecological),0
117,Kwahu West Municipal,EASTERN,Municipal,6.49118254999999,-0.728456087972531,145429,15.1,41.9,16.51,83.49,16.52,45.3,70.49,1,KWAHU WEST,0,87.3,9.8,2.1,73.5,5.7,66.7,72.8,408.998941092068,355.6,0,0.317,26.5,12.700000000000005,-0.647,-0.644,0.605,-1.078,0,0,0,region-broadcast,moderate (literature-ecological),0
118,Lower Manya Krobo Municipal,EASTERN,Municipal,6.2127831,-0.0404975690174626,121849,19.8,43.4,19.84,80.16,20.49,57.16,56.29,1,LOWER MANYA,0,87.3,9.8,2.1,73.5,5.7,66.7,72.8,310.016204506007,393.0,0,0.379,26.5,12.700000000000005,-0.518,-0.547,0.605,-0.739,0,0,0,region-broadcast,moderate (literature-ecological),0
119,New Juaben North Municipal,EASTERN,Municipal,6.1364245,-0.312846157003848,88716,10.6,41.7,9.87,90.13,11.26,54.38,50.26,1,NEW JUABEN NORTH MUNICIPAL,0,87.3,9.8,2.1,73.5,5.7,66.7,72.8,107.437758669365,825.7,0,0.844,26.5,12.700000000000005,-0.792,-0.737,0.605,-1.537,0,0,0,region-broadcast,moderate (literature-ecological),0
120,New Juaben South Municipal,EASTERN,Municipal,6.0721368,-0.260652306105858,129741,8.5,41.1,9.11,90.89,12.52,48.46,49.28,1,NEW JUABEN SOUTH MUNICIPAL,0,87.3,9.8,2.1,73.5,5.7,66.7,72.8,55.2180534845047,2349.6,0,1.498,26.5,12.700000000000005,-0.805,-0.78,0.605,-1.619,0,0,0,region-broadcast,moderate (literature-ecological),0
121,Nsawam Adoagyiri Municipal,EASTERN,Municipal,5.81791215,-0.36426765,155597,13.0,43.4,15.54,84.46,29.26,46.65,59.82,1,NSAWAM ADOAGYIRI,0,87.3,9.8,2.1,73.5,5.7,66.7,72.8,178.026503409819,874.0,0,0.879,26.5,12.700000000000005,-0.49,-0.686,0.605,-0.992,0,0,0,region-broadcast,moderate (literature-ecological),0
122,Okere,EASTERN,District,6.04034605,-0.127770489495342,51675,24.0,42.4,21.53,78.47,35.07,47.78,68.37,0,OKERE,0,87.3,9.8,2.1,73.5,5.7,66.7,72.8,312.23290162362,165.5,0,-0.162,26.5,12.700000000000005,-0.24,-0.46,0.605,-0.31,0,0,0,region-broadcast,moderate (literature-ecological),0
123,Suhum Municipal,EASTERN,Municipal,6.035885,-0.4552751,126403,17.6,42.0,18.91,81.09,28.55,41.42,65.01,1,SUHUM MUNICIPAL,0,87.3,9.8,2.1,73.5,5.7,66.7,72.8,365.544351288502,345.8,0,0.299,26.5,12.700000000000005,-0.432,-0.592,0.605,-0.726,0,0,0,region-broadcast,moderate (literature-ecological),1
124,Upper Manya Krobo,EASTERN,District,6.40201115,-0.134429386146108,70612,32.7,40.5,35.31,64.69,38.15,36.01,71.76,0,UPPER MANYA,0,87.3,9.8,2.1,73.5,5.7,66.7,72.8,875.8335697497371,80.6,0,-0.612,26.5,12.700000000000005,-0.065,-0.281,0.605,0.501,0,0,0,region-broadcast,moderate (literature-ecological),0
125,Upper West Akim,EASTERN,District,5.80678025,-0.540057196199224,95855,29.7,43.7,28.33,71.67,49.22,44.61,74.06,0,UPPER WEST AKIM,0,87.3,9.8,2.1,73.5,5.7,66.7,72.8,348.266306142887,275.2,0,0.156,26.5,12.700000000000005,0.054,-0.342,0.605,0.333,0,0,0,region-broadcast,moderate (literature-ecological),0
126,West Akim Municipal,EASTERN,Municipal,5.9070609,-0.68318054757923,117681,23.7,43.0,23.19,76.81,28.11,47.65,67.25,1,WEST AKIM,0,87.3,9.8,2.1,73.5,5.7,66.7,72.8,483.522121013218,243.4,0,0.079,26.5,12.700000000000005,-0.348,-0.467,0.605,-0.372,0,0,0,region-broadcast,moderate (literature-ecological),0
127,Yilo Krobo Municipal,EASTERN,Municipal,6.1564095,-0.167401779755807,122398,21.5,42.1,21.14,78.86,29.42,44.66,64.29,1,YILO KROBO,0,87.3,9.8,2.1,73.5,5.7,66.7,72.8,492.421091627254,248.6,0,0.093,26.5,12.700000000000005,-0.361,-0.512,0.605,-0.499,0,0,0,region-broadcast,moderate (literature-ecological),0
128,Ablekuma Central Municipal,GREATER ACCRA,Municipal,5.5541808,-0.24078224491606,169145,9.4,45.2,11.92,88.08,36.53,40.78,48.09,1,ABLEKUMA CENTRAL MUNICIPAL,0,98.5,1.5,0.2,91.2,4.9,79.2,93.9,14.3204419411221,11811.4,0,2.508,8.799999999999997,1.5,-0.801,-1.269,0.605,-1.13,0,0,0,region-broadcast,moderate (literature-ecological),0
129,Ablekuma North Municipal,GREATER ACCRA,Municipal,5.58719365,-0.263259064824942,159208,8.3,42.9,7.15,92.85,36.66,39.56,46.84,1,ABLEKUMA NORTH MUNICIPAL,0,98.5,1.5,0.2,91.2,4.9,79.2,93.9,29.969520840531302,5312.3,0,2.008,8.799999999999997,1.5,-0.816,-1.292,0.605,-1.323,0,0,0,region-broadcast,moderate (literature-ecological),0
130,Ablekuma West Municipal,GREATER ACCRA,Municipal,5.5431939,-0.26615017413473,153490,8.9,43.0,8.15,91.85,39.41,42.78,51.22,1,ABLEKUMA WEST MUNICIPAL,0,98.5,1.5,0.2,91.2,4.9,79.2,93.9,13.1077035931969,11709.9,0,2.502,8.799999999999997,1.5,-0.766,-1.28,0.605,-1.227,0,0,0,region-broadcast,moderate (literature-ecological),0
131,"Accra Metropolitan Area (AMA)-Ablekuma South, Ashiedu Keteke & Okaikoi South",GREATER ACCRA,Metropolitan,5.55381875,-0.205849787615075,276997,11.1,43.9,16.66,83.34,38.04,41.15,37.93,1,ACCRA METROPOLIS,0,98.5,1.5,0.2,91.2,4.9,79.2,93.9,5.708549286712651,48523.2,0,3.392,8.799999999999997,1.5,-0.754,-1.234,0.605,-0.892,0,0,0,region-broadcast,moderate (literature-ecological),0
132,Ada East,GREATER ACCRA,District,5.8761016,0.549568161630084,76411,28.2,44.2,29.29,70.71,42.91,51.26,72.14,0,ADA EAST,0,98.5,1.5,0.2,91.2,4.9,79.2,93.9,294.68682037467005,259.3,0,0.119,8.799999999999997,1.5,-0.427,-0.883,0.605,0.214,0,0,0,region-broadcast,moderate (literature-ecological),0
133,Ada West,GREATER ACCRA,District,5.9040093,0.420370257026968,76087,40.1,44.7,33.13,66.87,59.26,49.9,82.13,0,ADA WEST,0,98.5,1.5,0.2,91.2,4.9,79.2,93.9,329.286368472826,231.1,0,0.047,8.799999999999997,1.5,-0.008,-0.637,0.605,1.02,0,0,0,region-broadcast,moderate (literature-ecological),0
134,Adentan Municipal,GREATER ACCRA,Municipal,5.7042433,-0.1690967,265971,8.3,41.8,7.13,92.87,37.46,43.07,46.46,1,ADENTA MUNICIPAL,0,98.5,1.5,0.2,91.2,4.9,79.2,93.9,79.2597109952073,3355.7,0,1.721,8.799999999999997,1.5,-0.804,-1.292,0.605,-1.312,0,0,0,region-broadcast,moderate (literature-ecological),0
135,Ashaiman Municipal,GREATER ACCRA,Municipal,5.6993574,-0.0348533202566188,208060,7.5,43.3,11.32,88.68,35.07,37.86,49.75,1,ASHAIMAN MUNICIPAL,0,98.5,1.5,0.2,91.2,4.9,79.2,93.9,18.8582657810806,11032.8,0,2.465,8.799999999999997,1.5,-0.851,-1.309,0.605,-1.241,0,0,0,region-broadcast,moderate (literature-ecological),0
136,Ayawaso Central Municipal,GREATER ACCRA,Municipal,5.59137939999999,-0.212668442666915,94831,12.2,42.8,9.12,90.88,43.81,44.05,44.36,1,AYAWASO CENTRAL MUNICIPAL,0,98.5,1.5,0.2,91.2,4.9,79.2,93.9,1.58201519218731,59943.2,0,3.524,8.799999999999997,1.5,-0.652,-1.211,0.605,-1.009,0,0,0,region-broadcast,moderate (literature-ecological),0
137,Ayawaso East Municipal,GREATER ACCRA,Municipal,5.5828425,-0.194266228463183,53004,15.4,44.0,19.03,80.97,38.87,51.72,49.49,1,AYAWASO EAST MUNICIPAL,0,98.5,1.5,0.2,91.2,4.9,79.2,93.9,6.295160381688119,8419.8,0,2.296,8.799999999999997,1.5,-0.677,-1.146,0.605,-0.646,0,0,0,region-broadcast,moderate (literature-ecological),0
138,Ayawaso North Municipal,GREATER ACCRA,Municipal,5.5908829,-0.199044848506062,63386,13.9,43.8,14.26,85.74,33.99,50.2,47.21,1,AYAWASO NORTH MUNICIPAL,0,98.5,1.5,0.2,91.2,4.9,79.2,93.9,5.01574984882736,12637.4,0,2.55,8.799999999999997,1.5,-0.772,-1.177,0.605,-0.929,0,0,0,region-broadcast,moderate (literature-ecological),0
139,Ayawaso West Municipal,GREATER ACCRA,Municipal,5.62669775,-0.179111178909241,75303,9.3,41.6,5.41,94.59,35.1,54.61,29.64,1,AYAWASO WEST,0,98.5,1.5,0.2,91.2,4.9,79.2,93.9,33.1585410353336,2271.0,0,1.476,8.799999999999997,1.5,-0.824,-1.272,0.605,-1.367,0,0,0,region-broadcast,moderate (literature-ecological),0
140,Ga Central Municipal,GREATER ACCRA,Municipal,5.3203951,-2.0334832,332232,8.3,42.6,7.0,93.0,43.68,41.33,50.79,1,GA CENTRAL MUNICIPAL,0,98.5,1.5,0.2,91.2,4.9,79.2,93.9,49.8157331986237,6669.2,0,2.15,8.799999999999997,1.5,-0.712,-1.292,0.605,-1.221,0,0,0,region-broadcast,moderate (literature-ecological),0
141,Ga East Municipal,GREATER ACCRA,Municipal,5.669162,-0.333376,283379,10.1,41.8,6.67,93.33,37.32,45.54,46.33,1,GA EAST,0,98.5,1.5,0.2,91.2,4.9,79.2,93.9,87.1126846613131,3253.0,0,1.701,8.799999999999997,1.5,-0.779,-1.255,0.605,-1.263,0,0,0,region-broadcast,moderate (literature-ecological),0
142,Ga North Municipal,GREATER ACCRA,Municipal,5.669162,-0.333376,235292,10.5,42.3,8.04,91.96,36.7,46.83,50.29,1,GA NORTH MUNICIPAL,0,98.5,1.5,0.2,91.2,4.9,79.2,93.9,126.86761394325,1854.6,0,1.35,8.799999999999997,1.5,-0.782,-1.247,0.605,-1.214,0,0,0,region-broadcast,moderate (literature-ecological),0
143,Ga South Municipal,GREATER ACCRA,Municipal,5.669162,-0.333376,350121,15.8,44.1,14.28,85.72,51.14,45.22,60.03,1,GA SOUTH MUNICIPAL,0,98.5,1.5,0.2,91.2,4.9,79.2,93.9,181.213883865276,1932.1,0,1.375,8.799999999999997,1.5,-0.49,-1.137,0.605,-0.599,0,0,0,region-broadcast,moderate (literature-ecological),1
144,Ga West Municipal,GREATER ACCRA,Municipal,5.669162,-0.333376,314299,10.5,43.3,11.33,88.67,39.3,45.61,60.15,1,GA WEST MUNICIPAL,0,98.5,1.5,0.2,91.2,4.9,79.2,93.9,177.82713491931,1767.4,0,1.32,8.799999999999997,1.5,-0.744,-1.247,0.605,-1.067,0,0,0,region-broadcast,moderate (literature-ecological),1
145,Korle Klottey Municipal,GREATER ACCRA,Municipal,5.55901944999999,-0.19823054970895,68633,10.6,43.4,9.2,90.8,34.32,44.23,38.14,1,KORLE KLOTTEY MUNICIPAL,0,98.5,1.5,0.2,91.2,4.9,79.2,93.9,10.0320232972355,6841.4,0,2.166,8.799999999999997,1.5,-0.816,-1.245,0.605,-1.209,0,0,0,region-broadcast,moderate (literature-ecological),0
146,Kpone Katamanso Municipal,GREATER ACCRA,Municipal,5.77159775,-0.0733651054089466,412828,10.5,43.1,9.26,90.74,37.86,44.34,56.17,1,KPONE KATAMANSO,0,98.5,1.5,0.2,91.2,4.9,79.2,93.9,243.953249461935,1692.2,0,1.292,8.799999999999997,1.5,-0.765,-1.247,0.605,-1.156,0,0,0,region-broadcast,moderate (literature-ecological),0
147,Krowor Municipal,GREATER ACCRA,Municipal,5.60941925,-0.0769277820845922,143012,12.4,42.4,7.14,92.86,43.14,47.78,43.47,1,KROWOR MUNICIPAL,0,98.5,1.5,0.2,91.2,4.9,79.2,93.9,18.6433830818758,7670.9,0,2.238,8.799999999999997,1.5,-0.659,-1.207,0.605,-1.076,0,0,0,region-broadcast,moderate (literature-ecological),0
148,La Dade-Kotopon Municipal,GREATER ACCRA,Municipal,5.58947605,-0.156988356399583,140264,8.9,43.1,5.47,94.53,37.07,42.18,45.64,1,LA DADE-KOTOPON,0,98.5,1.5,0.2,91.2,4.9,79.2,93.9,36.628598915328006,3829.4,0,1.803,8.799999999999997,1.5,-0.801,-1.28,0.605,-1.35,0,0,0,region-broadcast,moderate (literature-ecological),0
149,La Nkwantanang Madina Municipal,GREATER ACCRA,Municipal,5.74468145,-0.172508699400876,220757,11.3,42.7,7.71,92.29,35.27,47.04,46.28,1,LA-NKWANTANANG-MADINA,0,98.5,1.5,0.2,91.2,4.9,79.2,93.9,72.0983140465422,3061.9,0,1.663,8.799999999999997,1.5,-0.792,-1.231,0.605,-1.217,0,0,0,region-broadcast,moderate (literature-ecological),0
150,Ledzokuku Municipal,GREATER ACCRA,Municipal,5.6050983,-0.114493361214251,217304,11.3,43.3,8.55,91.45,37.76,46.33,46.06,1,LEDZOKUKU MUNICIPAL,0,98.5,1.5,0.2,91.2,4.9,79.2,93.9,29.7200615021977,7311.7,0,2.208,8.799999999999997,1.5,-0.755,-1.23,0.605,-1.152,0,0,0,region-broadcast,moderate (literature-ecological),0
151,Ningo-Prampram,GREATER ACCRA,Municipal,5.81176965,0.146110955005239,204673,19.4,44.0,17.4,82.6,45.17,46.48,60.55,1,NINGO/PRAMPRAM,0,98.5,1.5,0.2,91.2,4.9,79.2,93.9,632.8438516229351,323.4,0,0.257,8.799999999999997,1.5,-0.525,-1.063,0.605,-0.458,0,0,0,region-broadcast,moderate (literature-ecological),0
152,Okaikoi North Municipal,GREATER ACCRA,Municipal,5.6104365,-0.2395459,160446,11.1,42.4,7.96,92.04,33.88,46.24,43.98,1,OKAIKWEI NORTH MUNICIPAL,0,98.5,1.5,0.2,91.2,4.9,79.2,93.9,22.800094789057702,7037.1,0,2.184,8.799999999999997,1.5,-0.815,-1.235,0.605,-1.237,0,0,0,region-broadcast,moderate (literature-ecological),0
153,Shai-Osudoku,GREATER ACCRA,District,5.95875335,0.161872328401567,105610,23.5,44.2,21.55,78.45,28.74,51.3,63.48,0,SHAI OSUDOKU,0,98.5,1.5,0.2,91.2,4.9,79.2,93.9,985.4900622412712,107.2,0,-0.434,8.799999999999997,1.5,-0.707,-0.98,0.605,-0.423,0,0,0,region-broadcast,moderate (literature-ecological),0
154,Tema Metropolitan Area (TMA)-Tema Central & Tema East,GREATER ACCRA,Metropolitan,5.6698,-0.01657,174494,11.6,43.8,11.35,88.65,45.19,44.46,44.81,1,TEMA METROPOLITAN,0,98.5,1.5,0.2,91.2,4.9,79.2,93.9,43.347779768407,4025.4,0,1.834,8.799999999999997,1.5,-0.64,-1.224,0.605,-0.937,0,0,0,region-broadcast,moderate (literature-ecological),0
155,Tema West Municipal,GREATER ACCRA,Municipal,5.65076355,-0.0688760444019398,196224,8.2,42.0,5.49,94.51,39.21,42.54,46.38,1,TEMA WEST MUNICIPAL,0,98.5,1.5,0.2,91.2,4.9,79.2,93.9,45.926454864527,4272.6,0,1.872,8.799999999999997,1.5,-0.779,-1.294,0.605,-1.342,0,0,0,region-broadcast,moderate (literature-ecological),0
156,Weija Gbawe Municipal,GREATER ACCRA,Municipal,5.55414475,-0.296466750643799,213674,8.7,42.9,7.82,92.18,39.69,41.93,52.9,1,WEIJA GBAWE MUNICIPAL,0,98.5,1.5,0.2,91.2,4.9,79.2,93.9,166.345312531157,1284.5,0,1.12,8.799999999999997,1.5,-0.765,-1.284,0.605,-1.241,0,0,0,region-broadcast,moderate (literature-ecological),0
157,Gushegu Municipal,NORTHERN,Municipal,9.9185016,-0.2164706,153965,51.5,44.3,59.79,40.21,48.12,53.48,109.25,1,GUSHEGU,0,70.6,26.4,18.6,25.9,70.6,34.1,52.4,2774.18467583577,55.5,0,-0.845,74.1,29.40000000000001,1.611,1.952,0.605,2.13,1,1,1,region-broadcast,moderate (literature-ecological),0
158,Karaga,NORTHERN,District,9.9267799,-0.4316607,114225,50.5,46.5,60.84,39.16,43.87,57.04,102.94,0,KARAGA,0,70.6,26.4,18.6,25.9,70.6,34.1,52.4,3237.67546594323,35.3,0,-1.128,74.1,29.40000000000001,1.533,1.931,0.605,2.063,1,1,1,region-broadcast,moderate (literature-ecological),0
159,Kpandai,NORTHERN,District,8.4635789,-0.0119853,126213,48.6,42.1,51.02,48.98,53.63,41.44,89.3,0,KPANDAI,0,70.6,26.4,18.6,25.9,70.6,34.1,52.4,1165.3008666433,108.3,0,-0.427,74.1,29.40000000000001,1.649,1.893,0.605,1.824,1,1,1,region-broadcast,moderate (literature-ecological),0
160,Kumbungu,NORTHERN,District,9.5591282,-0.9467086,110586,45.0,46.4,50.71,49.29,35.69,66.73,98.46,0,KUMBUNGU,0,70.6,26.4,18.6,25.9,70.6,34.1,52.4,1597.8269207477802,69.2,0,-0.707,74.1,29.40000000000001,1.33,1.818,0.605,1.41,1,1,1,region-broadcast,moderate (literature-ecological),0
161,Mion,NORTHERN,District,9.45284905,-0.335525511842833,94930,53.4,44.5,60.72,39.28,42.38,52.19,101.83,0,MION,0,70.6,26.4,18.6,25.9,70.6,34.1,52.4,2807.07524452501,33.8,0,-1.156,74.1,29.40000000000001,1.554,1.991,0.605,2.142,1,1,1,region-broadcast,moderate (literature-ecological),0
162,Nanton,NORTHERN,District,9.55848269999999,-0.710728600167338,50767,39.9,45.3,55.04,44.96,38.79,55.29,99.2,0,NANTON,0,70.6,26.4,18.6,25.9,70.6,34.1,52.4,493.37352893776296,102.9,0,-0.459,74.1,29.40000000000001,1.3,1.713,0.605,1.412,1,1,1,region-broadcast,moderate (literature-ecological),0
163,Nanumba North Municipal,NORTHERN,Municipal,8.92200959999999,-0.138644700894755,188680,41.5,41.4,53.02,46.98,43.86,46.05,96.88,1,NANUMBA NORTH,0,70.6,26.4,18.6,25.9,70.6,34.1,52.4,2331.89800623914,80.9,0,-0.61,74.1,29.40000000000001,1.399,1.747,0.605,1.482,1,1,1,region-broadcast,moderate (literature-ecological),0
164,Nanumba South,NORTHERN,District,8.76637935,0.0549741822848612,106374,46.3,42.3,54.98,45.02,43.47,44.84,106.03,0,NANUMBA SOUTH,0,70.6,26.4,18.6,25.9,70.6,34.1,52.4,1843.4377605668697,57.7,0,-0.821,74.1,29.40000000000001,1.465,1.845,0.605,1.714,1,1,1,region-broadcast,moderate (literature-ecological),0
165,Saboba,NORTHERN,District,9.70870525,0.196098328672698,95683,46.0,45.3,45.9,54.1,21.53,56.1,88.3,0,SABOBA,0,70.6,26.4,18.6,25.9,70.6,34.1,52.4,1814.44305999963,52.7,0,-0.878,74.1,29.40000000000001,1.135,1.837,0.605,1.076,1,1,1,region-broadcast,moderate (literature-ecological),0
166,Sagnarigu Municipal,NORTHERN,Municipal,9.48585935,-0.855049753344912,341711,18.7,43.9,27.51,72.49,18.26,58.87,71.78,1,SAGNERIGU,0,70.6,26.4,18.6,25.9,70.6,34.1,52.4,207.40838535997,1647.5,0,1.276,74.1,29.40000000000001,0.681,1.276,0.605,-0.564,1,1,1,region-broadcast,moderate (literature-ecological),0
167,Savelugu Municipal,NORTHERN,Municipal,9.6260647,-0.8258943,122888,41.1,45.5,49.39,50.61,35.83,67.25,90.57,1,SAVELUGU,0,70.6,26.4,18.6,25.9,70.6,34.1,52.4,1603.74189622179,76.6,0,-0.644,74.1,29.40000000000001,1.274,1.738,0.605,1.228,1,1,1,region-broadcast,moderate (literature-ecological),0
168,Tamale Metropolitan Area (TMA)-Tamale Central & Tamale South,NORTHERN,Metropolitan,9.40078,-0.8393,367324,21.0,44.0,33.61,66.39,26.65,52.76,68.75,1,TAMALE METROPOLITAN,0,70.6,26.4,18.6,25.9,70.6,34.1,52.4,669.085970876808,549.0,0,0.588,74.1,29.40000000000001,0.839,1.324,0.605,-0.155,1,1,1,region-broadcast,moderate (literature-ecological),0
169,Tatale Sanguli,NORTHERN,District,9.34906725,0.514632473680653,74805,52.4,43.5,54.72,45.28,48.75,48.15,100.9,0,TATALE SANGULI,0,70.6,26.4,18.6,25.9,70.6,34.1,52.4,1126.21369743811,66.4,0,-0.733,74.1,29.40000000000001,1.633,1.971,0.605,2.008,1,1,1,region-broadcast,moderate (literature-ecological),0
170,Tolon,NORTHERN,District,9.555956,-1.19792230212529,118090,57.5,46.8,56.02,43.98,52.02,67.0,94.39,0,TOLON,0,70.6,26.4,18.6,25.9,70.6,34.1,52.4,1401.41878660531,84.3,0,-0.584,74.1,29.40000000000001,1.758,2.076,0.605,2.285,1,1,1,region-broadcast,moderate (literature-ecological),0
171,Yendi Municipal,NORTHERN,Municipal,9.4739214,0.022769270127783,154421,38.3,45.3,46.25,53.75,23.76,60.15,88.11,1,YENDI MUNICIPAL,0,70.6,26.4,18.6,25.9,70.6,34.1,52.4,1496.23217513033,103.2,0,-0.457,74.1,29.40000000000001,1.054,1.679,0.605,0.841,1,1,1,region-broadcast,moderate (literature-ecological),0
172,Zabzugu,NORTHERN,District,9.294058,0.367064,82846,42.7,43.3,55.77,44.23,39.02,54.98,101.48,0,ZABZUGU,0,70.6,26.4,18.6,25.9,70.6,34.1,52.4,1135.7363776001998,72.9,0,-0.675,74.1,29.40000000000001,1.345,1.771,0.605,1.541,1,1,1,region-broadcast,moderate (literature-ecological),0
173,Bunkpurugu Nakpanduri,NORTHERN EAST,District,10.632198,-0.180118,82384,38.3,45.5,38.56,61.44,10.71,67.1,75.74,0,BUNKPURUGU NAKPANDURI,0,57.5,17.4,27.5,20.5,64.2,27.2,50.6,800.9628857924611,102.9,0,-0.459,79.5,42.5,1.093,1.969,0.605,0.393,1,1,1,region-broadcast,moderate (literature-ecological),0
174,Chereponi,NORTHERN EAST,District,10.1792653999999,0.207987165887793,87176,53.8,44.2,56.31,43.69,37.28,59.91,102.96,0,CHEREPONI,0,57.5,17.4,27.5,20.5,64.2,27.2,50.6,1428.01118138721,61.0,0,-0.786,79.5,42.5,1.716,2.29,0.605,1.936,1,1,1,region-broadcast,moderate (literature-ecological),0
175,East Mamprusi Municipal,NORTHERN EAST,Municipal,10.45279035,-0.416678651029704,188006,54.7,47.4,52.28,47.72,16.82,73.33,97.47,1,EAST MAMPRUSI,0,57.5,17.4,27.5,20.5,64.2,27.2,50.6,1776.50708761427,105.8,0,-0.442,79.5,42.5,1.427,2.307,0.605,1.528,1,1,1,region-broadcast,moderate (literature-ecological),0
176,Mamprugu Moagduri,NORTHERN EAST,District,10.23964,-1.27428,68746,44.5,42.4,58.87,41.13,62.55,41.69,97.67,0,MAMPRUGU MOAGDURI,0,57.5,17.4,27.5,20.5,64.2,27.2,50.6,2205.48018927762,31.2,0,-1.206,79.5,42.5,1.952,2.1,0.605,2.064,1,1,1,region-broadcast,moderate (literature-ecological),0
177,West Mamprusi Municipal,NORTHERN EAST,Municipal,10.29738455,-0.764055036110824,175755,41.5,45.8,46.8,53.2,15.36,67.94,91.08,1,WEST MAMPRUSI MUNICIPAL,0,57.5,17.4,27.5,20.5,64.2,27.2,50.6,2715.4196616469403,64.7,0,-0.749,79.5,42.5,1.209,2.036,0.605,0.847,1,1,1,region-broadcast,moderate (literature-ecological),0
178,Yunyoo Nasuan,NORTHERN EAST,District,10.4415225,-0.0276844142154081,56879,56.9,47.0,58.02,41.98,33.07,64.41,111.6,0,YUNYOO-NASUAN,0,57.5,17.4,27.5,20.5,64.2,27.2,50.6,507.741496342342,112.0,0,-0.406,79.5,42.5,1.7,2.353,0.605,2.04,1,1,1,region-broadcast,moderate (literature-ecological),0
179,Biakoye,OTI,District,7.39217985,0.262973639210098,71827,34.2,42.2,31.34,68.66,39.0,41.32,77.0,0,BIAKOYE,0,63.0,35.6,10.1,42.8,50.6,40.8,57.5,1131.63722696952,63.5,0,-0.761,57.2,37.0,1.043,1.283,0.605,0.439,1,0,1,region-broadcast,moderate (literature-ecological),0
180,Guan,OTI,District,7.19092,0.60951,28238,28.1,42.9,17.68,82.32,27.39,47.11,72.38,0,BIAKOYE,1,63.0,35.6,10.1,42.8,50.6,40.8,57.5,1131.63722696952,25.0,1,-1.344,57.2,37.0,0.78,1.157,0.605,-0.402,1,0,1,region-broadcast,moderate (literature-ecological),0
181,Jasikan Municipal,OTI,Municipal,7.40707195,0.466071316332564,59695,30.2,42.2,24.31,75.69,36.8,44.12,66.47,1,JASIKAN,0,63.0,35.6,10.1,42.8,50.6,40.8,57.5,568.734991448187,105.0,0,-0.447,57.2,37.0,0.951,1.2,0.605,0.032,1,0,1,region-broadcast,moderate (literature-ecological),0
182,Kadjebi,OTI,District,7.7210325,0.534053201682814,73959,27.2,41.5,28.64,71.36,28.9,41.86,73.37,0,KADJEBI,0,63.0,35.6,10.1,42.8,50.6,40.8,57.5,707.023676226418,104.6,0,-0.449,57.2,37.0,0.789,1.138,0.605,-0.056,1,0,1,region-broadcast,moderate (literature-ecological),0
183,Krachi East Municipal,OTI,Municipal,7.69817,0.22447,110435,41.2,41.6,43.52,56.48,45.87,40.98,80.43,1,KRACHI EAST MUNICIPAL,0,63.0,35.6,10.1,42.8,50.6,40.8,57.5,2829.4364255752903,39.0,0,-1.066,57.2,37.0,1.249,1.427,0.605,1.193,1,0,1,region-broadcast,moderate (literature-ecological),0
184,Krachi Nchumuru,OTI,District,8.1892008,-0.0866133771431008,79934,47.2,40.8,47.79,52.21,60.02,37.31,86.7,0,KRACHI NCHUMURU,0,63.0,35.6,10.1,42.8,50.6,40.8,57.5,1227.74442834659,65.1,0,-0.746,57.2,37.0,1.547,1.551,0.605,1.765,1,0,1,region-broadcast,moderate (literature-ecological),0
185,Krachi West Municipal,OTI,Municipal,7.8,-0.01667,61128,37.4,41.7,41.15,58.85,25.3,46.14,71.17,1,KRACHI WEST,0,63.0,35.6,10.1,42.8,50.6,40.8,57.5,952.664534990345,64.2,0,-0.754,57.2,37.0,0.888,1.347,0.605,0.666,1,0,1,region-broadcast,moderate (literature-ecological),0
186,Nkwanta North (Kpassa),OTI,District,8.4892994,0.3094664,126096,55.2,41.7,54.93,45.07,73.17,42.37,91.96,0,NKWANTA NORTH,0,63.0,35.6,10.1,42.8,50.6,40.8,57.5,1131.15529335324,111.5,0,-0.409,57.2,37.0,1.861,1.716,0.605,2.487,1,0,1,region-broadcast,moderate (literature-ecological),0
187,Nkwanta South Municipal,OTI,Municipal,8.25811615,0.509975335946734,135936,42.8,41.8,44.77,55.23,52.28,40.65,82.68,1,NKWANTA SOUTH MUNICIPAL,0,63.0,35.6,10.1,42.8,50.6,40.8,57.5,2808.28596708988,48.4,0,-0.931,57.2,37.0,1.367,1.46,0.605,1.389,1,0,1,region-broadcast,moderate (literature-ecological),0
188,Bole,SAVANNAH,District,8.69166865,-2.17855621492469,115800,37.2,44.8,48.8,51.2,19.56,61.39,69.47,0,BOLE,0,58.2,38.8,14.2,23.6,73.6,30.9,51.0,6354.7799616178,18.2,0,-1.543,76.4,41.8,1.243,2.005,0.605,0.82,1,1,1,region-broadcast,moderate (literature-ecological),0
189,Central Gonja,SAVANNAH,District,8.93715119999999,-1.10983922943129,142762,61.8,46.6,56.92,43.08,46.18,68.51,95.23,0,CENTRAL GONJA,0,58.2,38.8,14.2,23.6,73.6,30.9,51.0,7794.2020158769,18.3,0,-1.539,76.4,41.8,2.003,2.512,0.605,2.382,1,1,1,region-broadcast,moderate (literature-ecological),0
190,East Gonja Municipal,SAVANNAH,Municipal,8.347473,-0.7895018232454,117755,38.8,43.1,51.28,48.72,29.47,54.45,78.92,1,EAST GONJA MUNICIPAL,0,58.2,38.8,14.2,23.6,73.6,30.9,51.0,2318.21002477647,50.8,0,-0.901,76.4,41.8,1.413,2.038,0.605,1.109,1,1,1,region-broadcast,moderate (literature-ecological),0
191,North East Gonja,SAVANNAH,District,8.98787705,-0.403868101269744,39404,60.4,45.6,59.93,40.07,58.9,58.35,99.6,0,NORTH EAST GONJA,0,58.2,38.8,14.2,23.6,73.6,30.9,51.0,6273.45137863918,6.3,0,-2.206,76.4,41.8,2.17,2.484,0.605,2.622,1,1,1,region-broadcast,moderate (literature-ecological),0
192,North Gonja,SAVANNAH,District,8.98787705,-0.403868101269744,61443,58.4,47.2,60.04,39.96,59.7,63.64,94.25,0,NORTH GONJA,0,58.2,38.8,14.2,23.6,73.6,30.9,51.0,5021.01117647173,12.2,0,-1.793,76.4,41.8,2.152,2.443,0.605,2.565,1,1,1,region-broadcast,moderate (literature-ecological),0
193,Sawla Tuna Kalba,SAVANNAH,District,9.4809443,-2.41330933679435,112664,54.2,46.9,58.73,41.27,42.85,65.47,87.76,0,SAWLA-TUNA-KALBA,0,58.2,38.8,14.2,23.6,73.6,30.9,51.0,4373.09105549188,25.8,0,-1.325,76.4,41.8,1.84,2.356,0.605,2.114,1,1,1,region-broadcast,moderate (literature-ecological),0
194,West Gonja,SAVANNAH,Municipal,9.5267018,-1.5071681,63449,39.7,44.9,40.19,59.81,8.88,73.58,71.53,1,WEST GONJA,0,58.2,38.8,14.2,23.6,73.6,30.9,51.0,4872.599496972261,13.0,0,-1.753,76.4,41.8,1.122,2.055,0.605,0.469,1,1,1,region-broadcast,moderate (literature-ecological),0
195,Bawku Municipal,UPPER EAST,Municipal,11.0607602,-0.2422876,119458,23.6,44.8,41.62,58.38,7.24,57.98,78.15,1,BAWKU MUNICIPAL,0,95.5,0.4,10.6,27.1,71.3,55.2,63.5,258.343826087477,462.4,0,0.481,72.9,4.5,0.138,0.808,0.605,-0.095,1,1,1,region-broadcast,moderate (literature-ecological),0
196,Bawku West,UPPER EAST,District,10.84277,-0.492947618512454,144189,47.6,47.2,51.87,48.13,12.63,64.64,86.58,0,BAWKU WEST,0,95.5,0.4,10.6,27.1,71.3,55.2,63.5,1117.7693324889,129.0,0,-0.318,72.9,4.5,0.575,1.302,0.605,1.192,1,1,1,region-broadcast,moderate (literature-ecological),0
197,Binduri,UPPER EAST,District,10.9694889,-0.3062234,76679,53.8,47.8,52.68,47.32,14.26,70.34,88.38,0,BINDURI,0,95.5,0.4,10.6,27.1,71.3,55.2,63.5,409.278905472633,187.4,0,-0.084,72.9,4.5,0.691,1.429,0.605,1.469,1,1,1,region-broadcast,moderate (literature-ecological),0
198,Bolgatanga East,UPPER EAST,District,10.7853963,-0.8487322,38824,24.9,44.0,32.21,67.79,7.41,61.44,68.12,0,BOLGA  EAST,0,95.5,0.4,10.6,27.1,71.3,55.2,63.5,74.93770810179899,518.1,0,0.552,72.9,4.5,0.16,0.835,0.605,-0.35,1,1,1,region-broadcast,moderate (literature-ecological),0
199,Bolgatanga Municipal,UPPER EAST,Municipal,10.7853963,-0.8487322,142509,20.2,44.8,28.31,71.69,8.78,55.94,63.26,1,BOLGATANGA MUNICIPAL,0,95.5,0.4,10.6,27.1,71.3,55.2,63.5,339.312033467705,420.0,0,0.421,72.9,4.5,0.11,0.739,0.605,-0.627,1,1,1,region-broadcast,moderate (literature-ecological),0
200,Bongo,UPPER EAST,District,10.9166838999999,-0.805767855895511,116431,54.0,48.5,44.64,55.36,17.02,77.24,78.53,0,BONGO,0,95.5,0.4,10.6,27.1,71.3,55.2,63.5,433.102702762497,268.8,0,0.141,72.9,4.5,0.735,1.433,0.605,1.257,1,1,1,region-broadcast,moderate (literature-ecological),0
201,Builsa North Municipal,UPPER EAST,Municipal,10.73472,-1.29056,56571,39.7,46.8,39.93,60.07,11.47,65.29,72.26,1,BUILSA NORTH,0,95.5,0.4,10.6,27.1,71.3,55.2,63.5,851.334655874481,66.4,0,-0.733,72.9,4.5,0.44,1.139,0.605,0.5,1,1,1,region-broadcast,moderate (literature-ecological),0
202,Builsa South,UPPER EAST,District,10.53032385,-1.26246582508358,36575,55.1,47.7,51.08,48.92,21.89,69.7,76.19,0,BUILSA SOUTH,0,95.5,0.4,10.6,27.1,71.3,55.2,63.5,1293.02338691196,28.3,0,-1.267,72.9,4.5,0.824,1.456,0.605,1.58,1,1,1,region-broadcast,moderate (literature-ecological),0
203,Garu,UPPER EAST,District,10.76975475,-0.21182067584702,71774,44.7,47.7,51.4,48.6,19.94,63.64,95.02,0,GARU,0,95.5,0.4,10.6,27.1,71.3,55.2,63.5,704.208643889587,101.9,0,-0.465,72.9,4.5,0.64,1.243,0.605,1.183,1,1,1,region-broadcast,moderate (literature-ecological),0
204,Kasena Nankana Municipal,UPPER EAST,Municipal,10.895598,-1.30768,99895,33.8,47.1,32.68,67.32,12.46,65.6,63.52,1,KASENA NANKANA EAST,0,95.5,0.4,10.6,27.1,71.3,55.2,63.5,800.123548693161,124.8,0,-0.338,72.9,4.5,0.367,1.018,0.605,0.065,1,1,1,region-broadcast,moderate (literature-ecological),0
205,Kasena Nankana West,UPPER EAST,District,10.895598,-1.30768,90735,53.6,47.4,41.15,58.85,13.6,74.07,78.1,0,KASENA NANKANA WEST,0,95.5,0.4,10.6,27.1,71.3,55.2,63.5,911.27869795166,99.6,0,-0.48,72.9,4.5,0.678,1.425,0.605,1.078,1,1,1,region-broadcast,moderate (literature-ecological),0
206,Nabdam,UPPER EAST,District,10.8469045,-0.661562047243897,53039,68.6,51.2,46.53,53.47,19.84,84.5,67.27,0,NABDAM,0,95.5,0.4,10.6,27.1,71.3,55.2,63.5,255.625178971718,207.5,0,-0.02,72.9,4.5,0.994,1.734,0.605,1.893,1,1,1,region-broadcast,moderate (literature-ecological),0
207,Pusiga,UPPER EAST,District,11.0854045,-0.1276855,80533,40.8,45.4,54.83,45.17,8.45,65.94,94.2,0,PUSIGA,0,95.5,0.4,10.6,27.1,71.3,55.2,63.5,267.26207518834497,301.3,0,0.213,72.9,4.5,0.412,1.162,0.605,0.977,1,1,1,region-broadcast,moderate (literature-ecological),0
208,Talensi,UPPER EAST,District,10.6451057499999,-0.62587443176215,87021,56.2,48.9,40.69,59.31,18.85,72.23,75.39,0,TALENSI,0,95.5,0.4,10.6,27.1,71.3,55.2,63.5,873.971364000999,99.6,0,-0.48,72.9,4.5,0.795,1.479,0.605,1.237,1,1,1,region-broadcast,moderate (literature-ecological),0
209,Tempane,UPPER EAST,District,10.9030714,-0.0914351270233069,86993,50.7,48.1,54.79,45.21,18.29,68.74,95.55,0,TEMPANE,0,95.5,0.4,10.6,27.1,71.3,55.2,63.5,402.65243555715,216.0,0,0.005,72.9,4.5,0.705,1.366,0.605,1.486,1,1,1,region-broadcast,moderate (literature-ecological),0
210,Daffiama Bussie Issa,UPPER WEST,District,10.36748405,-2.26222672458466,38754,38.7,44.4,55.65,44.35,26.29,57.63,82.13,0,DAFFIAMA BUSSIE ISSA,0,97.8,1.3,18.6,25.0,56.4,51.0,51.3,1514.53718383333,25.6,0,-1.329,75.0,2.200000000000003,0.502,0.913,0.605,1.198,1,1,1,region-broadcast,moderate (literature-ecological),0
211,Jirapa Municipal,UPPER WEST,Municipal,10.5366328,-2.7008646,91279,50.1,47.4,49.11,50.89,12.44,73.6,76.11,1,JIRAPA,0,97.8,1.3,18.6,25.0,56.4,51.0,51.3,1237.505755073,73.8,0,-0.667,75.0,2.200000000000003,0.466,1.146,0.605,1.191,1,1,1,region-broadcast,moderate (literature-ecological),0
212,Lambussie Karni,UPPER WEST,District,10.846747,-2.708741,51118,44.2,46.0,50.17,49.83,11.42,64.88,84.58,0,LAMBUSSIE-KARNI,0,97.8,1.3,18.6,25.0,56.4,51.0,51.3,846.7089559613039,60.4,0,-0.792,75.0,2.200000000000003,0.363,1.025,0.605,0.995,1,1,1,region-broadcast,moderate (literature-ecological),0
213,Lawra Municipal,UPPER WEST,Municipal,10.61348995,-2.86412434170417,58433,39.5,45.8,46.11,53.89,6.05,66.16,74.56,1,LAWRA,0,97.8,1.3,18.6,25.0,56.4,51.0,51.3,549.1792564645999,106.4,0,-0.438,75.0,2.200000000000003,0.214,0.928,0.605,0.611,1,1,1,region-broadcast,moderate (literature-ecological),0
214,Nadowli Kaleo,UPPER WEST,District,10.2868347,-2.6394776056347,77057,40.6,47.2,44.26,55.74,12.82,66.03,78.11,0,NADOWLI-KALEO,0,97.8,1.3,18.6,25.0,56.4,51.0,51.3,1176.35096795779,65.5,0,-0.742,75.0,2.200000000000003,0.331,0.951,0.605,0.694,1,1,1,region-broadcast,moderate (literature-ecological),0
215,Nandom,UPPER WEST,Municipal,10.8520701,-2.760077,51328,31.8,44.8,43.85,56.15,5.23,64.15,72.36,1,NANDOM,0,97.8,1.3,18.6,25.0,56.4,51.0,51.3,421.919752980652,121.7,0,-0.354,75.0,2.200000000000003,0.087,0.77,0.605,0.245,1,1,1,region-broadcast,moderate (literature-ecological),0
216,Sissala East Municipal,UPPER WEST,Municipal,10.59705475,-1.85050542952138,80619,28.8,44.3,45.86,54.14,16.53,52.0,74.89,1,SISSALA EAST,0,97.8,1.3,18.6,25.0,56.4,51.0,51.3,5307.883583663161,15.2,0,-1.655,75.0,2.200000000000003,0.21,0.709,0.605,0.373,1,1,1,region-broadcast,moderate (literature-ecological),0
217,Sissala West,UPPER WEST,District,10.7467085,-2.29346951572635,63828,32.3,46.1,49.84,50.16,12.48,59.7,85.56,0,SISSALA WEST,0,97.8,1.3,18.6,25.0,56.4,51.0,51.3,2138.82227458873,29.8,0,-1.234,75.0,2.200000000000003,0.202,0.78,0.605,0.568,1,1,1,region-broadcast,moderate (literature-ecological),0
218,Wa East,UPPER WEST,District,10.06069,-2.50192,91457,48.7,45.3,58.2,41.8,31.36,55.34,82.98,0,WA EAST,0,97.8,1.3,18.6,25.0,56.4,51.0,51.3,4460.865081872909,20.5,0,-1.468,75.0,2.200000000000003,0.726,1.119,0.605,1.722,1,1,1,region-broadcast,moderate (literature-ecological),0
219,Wa Municipal,UPPER WEST,Municipal,10.0623261,-2.5054273,200672,16.5,43.4,27.15,72.85,10.89,57.15,63.18,1,WA MUNICIPAL,0,97.8,1.3,18.6,25.0,56.4,51.0,51.3,601.703817817902,333.5,0,0.276,75.0,2.200000000000003,-0.056,0.456,0.605,-0.767,1,1,1,region-broadcast,moderate (literature-ecological),0
220,Wa West,UPPER WEST,District,9.8985772,-2.6832633,96957,61.9,48.7,56.7,43.3,30.87,67.36,90.42,0,WA WEST,0,97.8,1.3,18.6,25.0,56.4,51.0,51.3,1546.66710593777,62.7,0,-0.769,75.0,2.200000000000003,0.915,1.39,0.605,2.146,1,1,1,region-broadcast,moderate (literature-ecological),0
221,Adaklu,VOLTA,District,6.4470511,0.6286474,38649,33.2,43.6,28.62,71.38,27.03,50.28,74.77,0,ADAKLU,0,86.4,10.8,3.6,67.2,21.7,72.0,86.8,816.1345874286329,47.4,0,-0.944,32.8,13.599999999999994,-0.021,0.035,0.605,0.133,1,0,1,region-broadcast,moderate (literature-ecological),0
222,Afadzato South,VOLTA,District,7.0222497,0.561946,73146,32.5,43.7,19.28,80.72,28.94,53.76,74.52,0,AFADZATO SOUTH,0,86.4,10.8,3.6,67.2,21.7,72.0,86.8,564.756958306145,129.5,0,-0.315,32.8,13.599999999999994,-0.003,0.021,0.605,-0.166,1,0,1,region-broadcast,moderate (literature-ecological),0
223,Agortime-Ziope,VOLTA,District,6.42618935,0.732357165932429,39553,25.7,43.4,30.27,69.73,25.67,41.73,70.2,0,AGOTIME ZIOPE,0,86.4,10.8,3.6,67.2,21.7,72.0,86.8,321.711761480251,122.9,0,-0.348,32.8,13.599999999999994,-0.152,-0.119,0.605,-0.107,1,0,1,region-broadcast,moderate (literature-ecological),0
224,Akatsi North,VOLTA,District,6.3108306,0.876439062223793,32755,39.3,44.4,35.49,64.51,51.12,49.91,76.87,0,AKATSI NORTH,0,86.4,10.8,3.6,67.2,21.7,72.0,86.8,319.902453138412,102.4,0,-0.462,32.8,13.599999999999994,0.427,0.162,0.605,0.943,1,0,1,region-broadcast,moderate (literature-ecological),0
225,Akatsi South Municipal,VOLTA,District,8.25846,0.508747,92133,30.1,44.5,29.13,70.87,31.45,52.81,71.31,0,AKATSI SOUTH,0,86.4,10.8,3.6,67.2,21.7,72.0,86.8,545.523265241421,168.9,0,-0.149,32.8,13.599999999999994,-0.001,-0.028,0.605,0.104,1,0,1,region-broadcast,moderate (literature-ecological),0
226,Anloga,VOLTA,District,5.7936484,0.8984702,94895,31.6,45.9,30.83,69.17,43.92,56.94,70.8,0,ANLOGA,0,86.4,10.8,3.6,67.2,21.7,72.0,86.8,240.213606224686,395.0,0,0.382,32.8,13.599999999999994,0.205,0.004,0.605,0.403,1,0,1,region-broadcast,moderate (literature-ecological),0
227,Central Tongu,VOLTA,District,6.16884364999999,0.611561745917151,83284,36.0,44.4,35.01,64.99,31.61,53.52,77.61,0,CENTRAL TONGU,0,86.4,10.8,3.6,67.2,21.7,72.0,86.8,694.594151703419,119.9,0,-0.364,32.8,13.599999999999994,0.089,0.093,0.605,0.512,1,0,1,region-broadcast,moderate (literature-ecological),0
228,Ho Municipal,VOLTA,Municipal,6.6126598,0.4688932,180142,12.5,42.1,10.56,89.44,13.46,52.5,50.84,1,HO MUNICIPAL,0,86.4,10.8,3.6,67.2,21.7,72.0,86.8,585.336411688627,307.8,0,0.226,32.8,13.599999999999994,-0.529,-0.391,0.605,-1.412,1,0,1,region-broadcast,moderate (literature-ecological),0
229,Ho West,VOLTA,District,6.590707,0.46714,83172,27.9,42.7,18.88,81.12,30.91,49.73,69.13,0,HO WEST,0,86.4,10.8,3.6,67.2,21.7,72.0,86.8,1022.65800391821,81.3,0,-0.607,32.8,13.599999999999994,-0.042,-0.073,0.605,-0.317,1,0,1,region-broadcast,moderate (literature-ecological),0
230,Hohoe Municipal,VOLTA,Municipal,7.153187,0.477735,114472,18.8,42.8,16.05,83.95,19.34,51.17,63.87,1,HOHOE MUNICIPAL,0,86.4,10.8,3.6,67.2,21.7,72.0,86.8,699.385712352121,163.7,0,-0.169,32.8,13.599999999999994,-0.349,-0.261,0.605,-0.915,1,0,1,region-broadcast,moderate (literature-ecological),0
231,Keta Municipal,VOLTA,Municipal,5.9215688,0.9910728,78862,25.2,45.0,25.13,74.87,27.29,57.7,64.22,1,KETA MUNICIPAL,0,86.4,10.8,3.6,67.2,21.7,72.0,86.8,525.514737973404,150.1,0,-0.223,32.8,13.599999999999994,-0.136,-0.129,0.605,-0.267,1,0,1,region-broadcast,moderate (literature-ecological),0
232,Ketu North Municipal,VOLTA,Municipal,6.192057,0.981151401381816,114993,27.2,44.3,31.57,68.43,38.02,49.34,72.98,1,KETU NORTH,0,86.4,10.8,3.6,67.2,21.7,72.0,86.8,431.26674265873,266.6,0,0.136,32.8,13.599999999999994,0.053,-0.087,0.605,0.177,1,0,1,region-broadcast,moderate (literature-ecological),0
233,Ketu South Municipal,VOLTA,Municipal,6.07748514999999,1.0706219725046,253122,25.6,45.4,30.06,69.94,47.86,53.02,72.91,1,KETU SOUTH,0,86.4,10.8,3.6,67.2,21.7,72.0,86.8,283.118897715126,894.0,0,0.893,32.8,13.599999999999994,0.175,-0.119,0.605,0.219,1,0,1,region-broadcast,moderate (literature-ecological),0
234,Kpando Municipal,VOLTA,Municipal,7.0000115,0.318327973849328,58552,23.4,43.4,18.77,81.23,19.74,53.83,59.38,1,KPANDO MUNICIPAL,0,86.4,10.8,3.6,67.2,21.7,72.0,86.8,320.905882000517,182.5,0,-0.101,32.8,13.599999999999994,-0.274,-0.167,0.605,-0.654,1,0,1,region-broadcast,moderate (literature-ecological),0
235,North Dayi,VOLTA,District,6.91384645,0.22267318926127,39268,30.1,43.6,19.33,80.67,22.86,53.81,69.46,0,NORTH DAYI,0,86.4,10.8,3.6,67.2,21.7,72.0,86.8,472.498676510769,83.1,0,-0.593,32.8,13.599999999999994,-0.129,-0.029,0.605,-0.344,1,0,1,region-broadcast,moderate (literature-ecological),0
236,North Tongu,VOLTA,District,6.14399495,0.297188924896433,111410,38.4,45.4,30.74,69.26,40.91,52.03,77.5,0,NORTH TONGU,0,86.4,10.8,3.6,67.2,21.7,72.0,86.8,1152.37984035569,96.7,0,-0.498,32.8,13.599999999999994,0.262,0.143,0.605,0.602,1,0,1,region-broadcast,moderate (literature-ecological),0
237,South Dayi,VOLTA,District,6.5449087,0.240546020283373,57518,29.0,44.3,21.28,78.72,20.93,56.87,66.19,0,SOUTH DAYI,0,86.4,10.8,3.6,67.2,21.7,72.0,86.8,365.444353718647,157.4,0,-0.193,32.8,13.599999999999994,-0.174,-0.052,0.605,-0.351,1,0,1,region-broadcast,moderate (literature-ecological),0
238,South Tongu,VOLTA,District,5.96577275,0.641061228110148,113114,32.4,45.2,28.7,71.3,34.34,53.42,73.21,0,SOUTH TONGU,0,86.4,10.8,3.6,67.2,21.7,72.0,86.8,654.689366765488,172.8,0,-0.135,32.8,13.599999999999994,0.076,0.019,0.605,0.217,1,0,1,region-broadcast,moderate (literature-ecological),0
239,Ahanta West Municipal,WESTERN,Municipal,4.8514282,-1.98665461803006,153140,27.2,44.7,24.99,75.01,46.3,49.01,66.14,1,AHANTA WEST MUNICIPAL,0,92.4,5.5,2.2,70.2,9.6,65.4,76.0,562.050512956345,272.5,0,0.15,29.8,7.599999999999994,-0.057,-0.414,0.605,0.089,1,0,1,region-broadcast,moderate (literature-ecological),0
240,Effia Kwesimintsim Municipal,WESTERN,Municipal,4.96766095,-1.80360599719917,173975,9.3,42.5,8.98,91.02,23.32,47.64,52.48,1,EFFIA KWESIMINTSIM MUNICIPAL,0,92.4,5.5,2.2,70.2,9.6,65.4,76.0,106.401180254303,1635.1,0,1.271,29.8,7.599999999999994,-0.663,-0.783,0.605,-1.43,1,0,1,region-broadcast,moderate (literature-ecological),0
241,Ellembelle,WESTERN,District,5.14952214999999,-2.42142536190491,120893,33.3,42.8,26.28,73.72,30.29,54.45,63.84,0,ELLEMBELLE,0,92.4,5.5,2.2,70.2,9.6,65.4,76.0,1010.39462118182,119.6,0,-0.365,29.8,7.599999999999994,-0.203,-0.289,0.605,0.11,1,0,1,region-broadcast,moderate (literature-ecological),0
242,Jomoro Municipal,WESTERN,Municipal,5.199616,-2.61473434715296,126576,31.2,43.7,28.7,71.3,31.75,50.65,66.2,1,JOMORO,0,92.4,5.5,2.2,70.2,9.6,65.4,76.0,1517.1355169268502,83.4,0,-0.591,29.8,7.599999999999994,-0.213,-0.332,0.605,0.134,1,0,1,region-broadcast,moderate (literature-ecological),0
243,Mpohor,WESTERN,District,4.9705877,-1.8927971,52028,31.4,44.3,26.28,73.72,48.47,47.95,60.96,0,MPOHOR,0,92.4,5.5,2.2,70.2,9.6,65.4,76.0,532.304366586571,97.7,0,-0.492,29.8,7.599999999999994,0.037,-0.327,0.605,0.317,1,0,1,region-broadcast,moderate (literature-ecological),0
244,Nzema East Municipal,WESTERN,Municipal,5.08576495,-2.22263416898707,94621,38.2,43.0,34.41,65.59,49.09,45.57,63.72,1,NZEMA EAST,0,92.4,5.5,2.2,70.2,9.6,65.4,76.0,1099.9139635095798,86.0,0,-0.571,29.8,7.599999999999994,0.148,-0.187,0.605,0.838,1,0,1,region-broadcast,moderate (literature-ecological),0
245,Prestea/Huni Valley Municipal,WESTERN,Municipal,5.44481979999999,-2.04050432321944,229301,29.5,43.8,25.74,74.26,48.87,49.8,63.05,1,PRESTEA/HUNI VALLEY,0,92.4,5.5,2.2,70.2,9.6,65.4,76.0,1838.15182368607,124.7,0,-0.339,29.8,7.599999999999994,0.015,-0.366,0.605,0.236,1,0,1,region-broadcast,moderate (literature-ecological),0
246,"Sekondi Takoradi Metropolitan Area (STMA)- Takoradi, Sekondi & Essikado-Ketan",WESTERN,Metropolitan,4.95328,-1.73308,245382,10.1,42.6,9.65,90.35,20.06,50.37,52.83,1,SEKONDI TAKORADI METROPOLIS,0,92.4,5.5,2.2,70.2,9.6,65.4,76.0,88.05500565106959,2786.7,0,1.604,29.8,7.599999999999994,-0.7,-0.767,0.605,-1.429,1,0,1,region-broadcast,moderate (literature-ecological),0
247,Shama,WESTERN,District,5.0606463,-1.64288365568687,117224,22.0,44.4,20.93,79.07,30.4,48.6,68.98,0,SHAMA,0,92.4,5.5,2.2,70.2,9.6,65.4,76.0,196.558467995094,596.4,0,0.64,29.8,7.599999999999994,-0.37,-0.522,0.605,-0.473,1,0,1,region-broadcast,moderate (literature-ecological),0
248,Tarkwa-Nsuaem Municipal,WESTERN,Municipal,5.310935,-1.992426,219109,18.2,43.5,17.82,82.18,28.38,49.7,54.63,1,TARKWA NSUAEM,0,92.4,5.5,2.2,70.2,9.6,65.4,76.0,918.826057121452,238.5,0,0.067,29.8,7.599999999999994,-0.456,-0.6,0.605,-0.743,1,0,1,region-broadcast,moderate (literature-ecological),0
249,Wassa Amenfi Central,WESTERN,District,5.7890318,-2.0839856,117999,37.6,43.0,34.11,65.89,47.02,46.53,67.58,0,WASSA AMENFI CENTRAL,0,92.4,5.5,2.2,70.2,9.6,65.4,76.0,1876.93304922424,62.9,0,-0.767,29.8,7.599999999999994,0.108,-0.2,0.605,0.775,1,0,1,region-broadcast,moderate (literature-ecological),0
250,Wassa Amenfi East Municipal,WESTERN,Municipal,5.87660585,-1.98975398510416,179696,35.5,44.4,32.21,67.79,45.97,53.08,58.93,1,WASSA AMENFI EAST,0,92.4,5.5,2.2,70.2,9.6,65.4,76.0,1584.93383633681,113.4,0,-0.398,29.8,7.599999999999994,0.061,-0.243,0.605,0.621,1,0,1,region-broadcast,moderate (literature-ecological),0
251,Wassa Amenfi West Municipal,WESTERN,Municipal,5.7735167,-2.5321498,131000,24.9,42.0,29.93,70.07,27.83,42.72,61.84,1,WASSA AMENFI WEST,0,92.4,5.5,2.2,70.2,9.6,65.4,76.0,1472.5203401484698,89.0,0,-0.55,29.8,7.599999999999994,-0.365,-0.462,0.605,-0.114,1,0,1,region-broadcast,moderate (literature-ecological),0
252,Wassa East,WESTERN,District,5.3622378,-1.62070954561049,99641,38.0,42.0,31.67,68.33,53.4,39.56,71.96,0,WASSA EAST,0,92.4,5.5,2.2,70.2,9.6,65.4,76.0,1678.12919014776,59.4,0,-0.803,29.8,7.599999999999994,0.209,-0.191,0.605,0.807,1,0,1,region-broadcast,moderate (literature-ecological),0
253,Aowin Municipal,WESTERN NORTH,Municipal,5.69311555,-2.7557437678514,133257,37.1,41.9,38.74,61.26,33.75,43.1,63.59,1,AOWIN,0,81.5,7.0,7.7,49.1,6.3,47.8,74.5,2653.10746503978,50.2,0,-0.908,50.9,18.5,0.262,0.289,0.605,0.705,1,0,1,region-broadcast,moderate (literature-ecological),0
254,Bia East,WESTERN NORTH,District,6.817878,-3.00681786775424,53073,32.9,41.5,42.63,57.37,43.89,38.19,71.03,0,BIA EAST,0,81.5,7.0,7.7,49.1,6.3,47.8,74.5,799.453757694778,66.4,0,-0.733,50.9,18.5,0.349,0.203,0.605,0.832,1,0,1,region-broadcast,moderate (literature-ecological),0
255,Bia West,WESTERN NORTH,District,6.56894165,-3.06628883975843,115881,24.5,41.3,10.35,89.65,7.14,46.82,67.7,0,BIA WEST,0,81.5,7.0,7.7,49.1,6.3,47.8,74.5,1312.00885897011,88.3,0,-0.555,50.9,18.5,-0.32,0.028,0.605,-1.078,1,0,1,region-broadcast,moderate (literature-ecological),0
256,Bibiani Anhwiaso Bekwai Municipal,WESTERN NORTH,Municipal,6.29602085,-2.23398871855776,167971,25.8,41.9,13.49,86.51,8.9,49.3,64.41,1,BIBIANI-ANHWIASO-BEKWAI MUNICIPAL,0,81.5,7.0,7.7,49.1,6.3,47.8,74.5,849.427421199173,197.7,0,-0.051,50.9,18.5,-0.274,0.055,0.605,-0.902,1,0,1,region-broadcast,moderate (literature-ecological),0
257,Bodi,WESTERN NORTH,District,6.24012575,-2.87347603617418,65748,18.6,41.7,58.55,41.45,37.76,44.41,65.26,0,BODI,0,81.5,7.0,7.7,49.1,6.3,47.8,74.5,674.4206844922791,97.5,0,-0.493,50.9,18.5,0.046,-0.091,0.605,0.735,1,0,1,region-broadcast,moderate (literature-ecological),0
258,Juaboso,WESTERN NORTH,District,6.3415722,-2.8235416,88814,18.9,42.3,44.93,55.07,34.31,48.64,62.53,0,JUABOSO,0,81.5,7.0,7.7,49.1,6.3,47.8,74.5,1395.5274333116602,63.6,0,-0.76,50.9,18.5,-0.001,-0.085,0.605,0.252,1,0,1,region-broadcast,moderate (literature-ecological),0
259,Sefwi Akontombra,WESTERN NORTH,District,6.0425529,-2.8760069,66689,24.5,42.2,44.28,55.72,27.02,40.09,68.47,0,SEFWI AKONTOMBRA,0,81.5,7.0,7.7,49.1,6.3,47.8,74.5,1139.79363942365,58.5,0,-0.812,50.9,18.5,-0.025,0.029,0.605,0.324,1,0,1,region-broadcast,moderate (literature-ecological),0
260,Sefwi Wiawso Municipal,WESTERN NORTH,Municipal,6.30540429999999,-2.51755838219394,151220,33.3,42.4,28.08,71.92,24.68,47.32,62.36,1,SEFWI-WIAWSO,0,81.5,7.0,7.7,49.1,6.3,47.8,74.5,1030.4502855977,146.8,0,-0.237,50.9,18.5,0.071,0.21,0.605,0.083,1,0,1,region-broadcast,moderate (literature-ecological),0
261,Suaman,WESTERN NORTH,District,6.10824159999999,-3.00869712063798,38268,37.5,41.3,50.34,49.66,58.99,51.79,56.44,0,SUAMAN,0,81.5,7.0,7.7,49.1,6.3,47.8,74.5,407.097163407135,94.0,0,-0.516,50.9,18.5,0.641,0.299,0.605,1.479,1,0,1,region-broadcast,moderate (literature-ecological),0
